S.NO,Word

0,ENOLP

0,ENOCP

0,SEEAR

0,SOEAR

0,SLEAR

0,SCEAR

0,SUEAR

0,SDEAR

0,SGEAR

0,SBEAR

0,SFEAR

0,SYEAR

0,ELIAS

0,ELIAS

0,ELISA

0,ELIZA

0,ELVIA

0,EVIAN

0,LOUTH

0,OOUTH

0,TOUTH

0,NOUTH

0,UOUTH

0,DOUTH

0,POUTH

0,HOUTH

0,GOUTH

0,BOUTH

0,COLUM

0,COCLY

0,COULY

0,CODLY

0,COPLY

0,COMLY

0,COHLY

0,COGLY

0,COFLY

0,KMART

0,ATART

0,ANART

0,ALART

0,AUART

0,ADART

0,TAART

0,TNART

0,TLART

0,NUART

0,LUART

0,UUART

0,DUART

0,MUART

0,GUART

0,BUART

0,FUART

0,YUART

0,WUART

0,KUART

0,VUART

0,XUART

0,ZUART

0,JUART

0,CRAAP

0,CRARP

0,CRALP

0,CRACP

0,CRAUP

0,CRADP

0,BLULU

0,BLULD

0,BLULH

0,BLULG

0,BLULF

0,BLULY

0,BLULW

0,BLULK

0,BLULV

0,BLULX

0,BLULZ

0,BLULJ

0,BLULQ

0,BLULL

0,BLUUL

0,BLUUD

0,BLUUH

0,BLUUG

0,BLUUF

0,BLUUY

0,BLUUW

0,BLUUK

0,BLUUV

0,BLUUX

0,BLUUZ

0,BLUUJ

0,BLUUQ

0,BLUUU

0,BLUDL

0,BLUDU

0,BLUDH

0,BLUDG

0,BLUDF

0,BLUHL

0,BLUHU

0,BLUHG

0,BLUHF

0,BLUHW

0,BLUHK

0,BLUHV

0,BLUHX

0,BLUHZ

0,BLUHJ

0,BLUHQ

0,BLUHH

0,BLUGL

0,BLUGU

0,BLUGH

0,BLUGF

0,BLUGW

0,BLUGK

0,BLUGV

0,BLUGX

0,BLUGZ

0,BLUGJ

0,BLUGQ

0,BLUGG

0,BLUBL

0,BLUBU

0,BLUBH

0,BLUBG

0,BLUBF

0,BLUBW

0,BLUBK

0,BLUBV

0,BLUBX

0,BLUBZ

0,BLUBJ

0,BLUBQ

0,BLUFL

0,BLUFU

0,BLUFH

0,BLUFG

0,BLUFW

0,BLUFK

0,BLUFV

0,BLUFX

0,BLUFZ

0,BLUFJ

0,BLUFQ

0,STOOT

0,STOSO

0,STOST

0,STOSL

0,STOSP

0,STOSM

0,STOSH

0,STOSB

0,STOSF

0,STOSW

0,STOSV

0,STOSX

0,STOSZ

0,STOSJ

0,STOSQ

0,STOLO

0,STOLT

0,STOLP

0,STOLM

0,STOLH

0,STOLB

0,STOLF

0,STOLW

0,STOLV

0,STOLX

0,STOLZ

0,STOLJ

0,STOLQ

0,STOPO

0,STOSD

0,STOSY

0,STODO

0,STODP

0,STODM

0,STODB

0,STODF

0,STODY

0,STODW

0,STODV

0,STODX

0,STODZ

0,STODJ

0,STODQ

0,STOPD

0,STOPM

0,STOPB

0,STOPF

0,STOPY

0,STOPW

0,STOPV

0,STOPX

0,STOPZ

0,STOPJ

0,STOPQ

0,STOMO

0,STOMD

0,CONTD

0,OOTTN

0,OOTTC

0,OOTTD

0,OOTTP

0,OOTTM

0,OOTTG

0,OOTTB

0,OOTTW

0,OOTTK

0,OOTTV

0,OOTTX

0,OOTTZ

0,OOTTJ

0,OOTTQ

0,OOTTO

0,OOTTT

0,OONTT

0,OONTC

0,OONTD

0,OONTP

0,OONTM

0,OONTG

0,OONTB

0,OONTW

0,OONTK

0,OONTV

0,OONTX

0,OONTZ

0,OONTJ

0,OONTQ

0,OONTO

0,OOCTT

0,OOCTN

0,OOCTD

0,OOCTP

0,OOCTM

0,OOCTG

0,OOCTB

0,OOCTW

0,OOCTK

0,OOCTV

0,OOCTX

0,OOCTZ

0,OOCTJ

0,OOCTQ

0,OOCTO

0,OODTT

0,OODTN

0,OODTC

0,OODTP

0,OODTM

0,OODTG

0,OODTB

0,OODTW

0,OODTK

0,OODTV

0,OODTX

0,OODTZ

0,OODTJ

0,OODTQ

0,OODTO

0,OOPTT

0,OOPTN

0,OOPTC

0,OOPTD

0,OOPTM

0,OOPTG

0,OOPTB

0,OOPTW

0,OOPTK

0,OOPTV

0,OOPTX

0,OOPTZ

0,OOPTJ

0,OOPTQ

0,OOPTO

0,OOMTT

0,OOMTN

0,OOMTC

0,OOMTD

0,OOMTP

0,OOMTG

0,OOMTB

0,OOMTW

0,OOMTK

0,OOMTV

0,OOMTX

0,OOMTZ

0,OOMTJ

0,OOMTQ

0,OOMTO

0,OOGTT

0,OOGTN

0,OOGTC

0,OOGTD

0,OOGTP

0,OOGTM

0,OOGTB

0,OOGTW

0,OOGTK

0,OOGTV

0,OOGTX

0,OOGTZ

0,OOGTJ

0,OOGTQ

0,OOGTO

0,OOBTT

0,OOBTN

0,OOBTC

0,OOBTD

0,OOBTP

0,OOBTM

0,OOBTG

0,OOBTW

0,OOBTK

0,OOBTV

0,OOBTX

0,OOBTZ

0,OOBTJ

0,OOBTQ

0,OOBTO

0,OOWTT

0,OOWTN

0,OOWTC

0,OOWTD

0,OOWTP

0,OOWTM

0,OOWTG

0,OOWTB

0,OOWTK

0,OOWTV

0,OOWTX

0,OOWTZ

0,OOWTJ

0,OOWTQ

0,OOWTO

0,OOKTT

0,OOKTN

0,OOKTC

0,OOKTD

0,OOKTP

0,OOKTM

0,OOKTG

0,OOKTB

0,OOKTW

0,OOKTV

0,OOKTX

0,OOKTZ

0,OOKTJ

0,OOKTQ

0,OOKTO

0,OOVTT

0,OOVTN

0,OOVTC

0,OOVTD

0,OOVTP

0,OOVTM

0,OOVTG

0,OOVTB

0,OOVTW

0,OOVTK

0,OOVTX

0,OOVTZ

0,OOVTJ

0,OOVTQ

0,OOVTO

0,OOXTT

0,OOXTN

0,OOXTC

0,OOXTD

0,OOXTP

0,OOXTM

0,OOXTG

0,OOXTB

0,OOXTW

0,OOXTK

0,OOXTV

0,OOXTZ

0,OOXTJ

0,OOXTQ

0,OOXTO

0,OOZTT

0,OOZTN

0,OOZTC

0,OOZTD

0,OOZTP

0,OOZTM

0,OOZTG

0,OOZTB

0,OOZTW

0,OOZTK

0,OOZTV

0,OOZTX

0,OOZTJ

0,OOZTQ

0,OOZTO

0,OOJTT

0,OOJTN

0,OOJTC

0,OOJTD

0,OOJTP

0,OOJTM

0,OOJTG

0,OOJTB

0,OOJTW

0,OOJTK

0,OOJTV

0,OOJTX

0,OOJTZ

0,OOJTQ

0,OOJTO

0,OOQTT

0,OOQTN

0,OOQTC

0,OOQTD

0,OOQTP

0,OOQTM

0,OOQTG

0,OOQTB

0,OOQTW

0,OOQTK

0,OOQTV

0,OOQTX

0,OOQTZ

0,OOQTJ

0,OOQTO

0,OOOTT

0,OOOTN

0,OOOTC

0,OOOTD

0,OOOTP

0,OOOTM

0,OOOTG

0,OOOTB

0,OOOTW

0,OOOTK

0,OOOTV

0,OOOTX

0,OOOTZ

0,OOOTJ

0,OOOTQ

0,TOOTN

0,TOOTC

0,TOOTD

0,TOOTP

0,TOOTM

0,TOOTG

0,TOOTB

0,TOOTW

0,TOOTK

0,TOOTV

0,TOOTX

0,TOOTZ

0,TOOTJ

0,TOOTQ

0,TOOTO

0,TOOTT

0,TONTO

0,TONTC

0,TONTD

0,TONTP

0,TONTM

0,TONTG

0,TONTB

0,TONTW

0,TONTK

0,TONTV

0,TONTX

0,TONTZ

0,TONTJ

0,TONTQ

0,TONTT

0,TOCTO

0,TOCTN

0,TOCTD

0,TOCTP

0,TOCTM

0,TOCTG

0,TOCTB

0,TOCTW

0,TOCTK

0,TOCTV

0,TOCTX

0,TOCTZ

0,TOCTJ

0,TOCTQ

0,TOCTT

0,TODTO

0,TODTN

0,TODTC

0,TODTP

0,TODTM

0,TODTG

0,TODTB

0,TODTW

0,TODTK

0,TODTV

0,TODTX

0,TODTZ

0,TODTJ

0,TODTQ

0,TODTT

0,TOPTO

0,TOPTN

0,TOPTC

0,TOPTD

0,TOPTM

0,TOPTG

0,TOPTB

0,TOPTW

0,TOPTK

0,TOPTV

0,TOPTX

0,TOPTZ

0,TOPTJ

0,TOPTQ

0,TOPTT

0,TOMTO

0,TOMTN

0,TOMTC

0,TOMTD

0,TOMTP

0,TOMTG

0,TOMTB

0,TOMTW

0,TOMTK

0,TOMTV

0,TOMTX

0,TOMTZ

0,TOMTJ

0,TOMTQ

0,TOMTT

0,TOGTO

0,TOGTN

0,TOGTC

0,TOGTD

0,TOGTP

0,TOGTM

0,TOGTB

0,TOGTW

0,TOGTK

0,TOGTV

0,TOGTX

0,TOGTZ

0,TOGTJ

0,TOGTQ

0,TOGTT

0,TOBTO

0,TOBTN

0,TOBTC

0,TOBTD

0,TOBTP

0,TOBTM

0,TOBTG

0,TOBTW

0,TOBTK

0,TOBTV

0,TOBTX

0,TOBTZ

0,TOBTJ

0,TOBTQ

0,TOBTT

0,TOWTO

0,TOWTN

0,TOWTC

0,TOWTD

0,TOWTP

0,TOWTM

0,TOWTG

0,TOWTB

0,TOWTK

0,TOWTV

0,TOWTX

0,TOWTZ

0,TOWTJ

0,TOWTQ

0,TOWTT

0,TOKTO

0,TOKTN

0,TOKTC

0,TOKTD

0,TOKTP

0,TOKTM

0,TOKTG

0,TOKTB

0,TOKTW

0,TOKTV

0,TOKTX

0,TOKTZ

0,TOKTJ

0,TOKTQ

0,TOKTT

0,TOVTO

0,TOVTN

0,TOVTC

0,TOVTD

0,TOVTP

0,TOVTM

0,TOVTG

0,TOVTB

0,TOVTW

0,TOVTK

0,TOVTX

0,TOVTZ

0,TOVTJ

0,TOVTQ

0,TOVTT

0,TOXTO

0,TOXTN

0,MORTI

0,MORTO

0,MORTT

0,MORTC

0,MORTP

0,MORTM

0,MORTH

0,MORTG

0,MORTB

0,MORTF

0,MORTY

0,MORTW

0,MORTK

0,MORTV

0,MORTX

0,MORTZ

0,MORTJ

0,MORTQ

0,MOITR

0,MOITO

0,MOITT

0,MOITC

0,MOITP

0,MOITM

0,MOITH

0,MOITG

0,MOITB

0,MOITF

0,MOITY

0,MOITW

0,MOITK

0,MOITV

0,MOITX

0,MOITZ

0,MOITJ

0,MOITQ

0,MOOTR

0,MOOTI

0,MOOTT

0,MOOTC

0,MOOTP

0,MOOTM

0,MOOTH

0,MOOTG

0,MOOTB

0,MOOTF

0,MOOTY

0,MOOTW

0,MOOTK

0,MOOTV

0,MOOTX

0,MOOTZ

0,MOOTJ

0,MOOTQ

0,MOOTO

0,MOTTR

0,MOTTI

0,CINDY

0,EINCH

0,AINCH

0,RINCH

0,IINCH

0,OINCH

0,TINCH

0,NINCH

0,SINCH

0,ENSOR

0,ELROY

0,ROLEX

0,TRSRT

0,TRSRL

0,TRSRC

0,TRSRU

0,TRSRD

0,TRSRP

0,TRSRM

0,TRSRH

0,TRSRG

0,TRSRB

0,TRSRF

0,TRSRY

0,TRSRW

0,TRSRK

0,TRSRV

0,TRSRX

0,TRSRZ

0,TRSRJ

0,TRSRQ

0,TRSRR

0,TRSSR

0,TRSST

0,TRSSL

0,TRSSC

0,TRSSU

0,TRSSD

0,TRSSP

0,TRSSM

0,TRSSH

0,TRSSG

0,TRSSB

0,TRSSF

0,TRSSY

0,TRSSW

0,TRSSK

0,TRSSV

0,TRSSX

0,TRSSZ

0,TRSSJ

0,TRSSQ

0,TRSLR

0,TRSLT

0,TRSLC

0,TRSLU

0,TRSLD

0,TRSLP

0,TRSLM

0,TRSLH

0,TRSLG

0,TRSLB

0,TRSLF

0,TRSLY

0,TRSLW

0,TRSLK

0,TRSLV

0,TRSLX

0,TRSLZ

0,TRSLJ

0,TRSLQ

0,TRSCR

0,TRSCT

0,TRSCL

0,TRSCU

0,TRSCD

0,TRSCP

0,TRSCM

0,TRSCH

0,TRSCG

0,TRSCB

0,TRSCF

0,TRSCY

0,TRSCW

0,TRSCK

0,TRSCV

0,TRSCX

0,TRSCZ

0,TRSCJ

0,TRSCQ

0,TRSUR

0,TRSUT

0,TRSUL

0,TRSUC

0,TRSUD

0,TRSUP

0,TRSUM

0,TRSUH

0,TRSUG

0,TRSUB

0,TRSUF

0,TRSUY

0,TRSUW

0,TRSUK

0,TRSUV

0,TRSUX

0,TRSUZ

0,TRSUJ

0,TRSUQ

0,TRSDR

0,TRSDT

0,TRSDL

0,TRSDC

0,TRSDU

0,TRSDP

0,TRSDM

0,TRSDH

0,TRSDG

0,TRSDB

0,TRSDF

0,TRSDY

0,TRSDW

0,TRSDK

0,TRSDV

0,TRSDX

0,TRSDZ

0,TRSDJ

0,TRSDQ

0,TRSPR

0,TRSPT

0,TRSPL

0,TRSPC

0,TRSPU

0,TRSPD

0,TRSPM

0,TRSPH

0,TRSPG

0,TRSPB

0,TRSPF

0,TRSPY

0,TRSPW

0,TRSPK

0,TRSPV

0,TRSPX

0,TRSPZ

0,TRSPJ

0,TRSPQ

0,TRSMR

0,TRSMT

0,TRSML

0,TRSMC

0,TRSMU

0,TRSMD

0,TRSMP

0,TRSMH

0,TRSMG

0,TRSMB

0,TRSMF

0,TRSMY

0,TRSMW

0,TRSMK

0,TRSMV

0,TRSMX

0,TRSMZ

0,TRSMJ

0,TRSMQ

0,TRSHR

0,TRSHT

0,TRSHL

0,TRSHC

0,TRSHU

0,TRSHD

0,TRSHP

0,TRSHM

0,TRSHG

0,TRSHB

0,TRSHF

0,TRSHY

0,TRSHW

0,TRSHK

0,TRSHV

0,TRSHX

0,TRSHZ

0,TRSHJ

0,TRSHQ

0,TRSGR

0,TRSGT

0,TRSGL

0,TRSGC

0,TRSGU

0,TRSGD

0,TRSGP

0,TRSGM

0,TRSGH

0,TRSGB

0,TRSGF

0,TRSGY

0,TRSGW

0,TRSGK

0,TRSGV

0,TRSGX

0,TRSGZ

0,TRSGJ

0,TRSGQ

0,TRSBR

0,TRSBT

0,TRSBL

0,TRSBC

0,TRSBU

0,TRSBD

0,TRSBP

0,TRSBM

0,TRSBH

0,TRSBG

0,TRSBF

0,TRSBY

0,TRSBW

0,TRSBK

0,TRSBV

0,TRSBX

0,TRSBZ

0,TRSBJ

0,TRSBQ

0,TRSFR

0,TRSFT

0,TRSFL

0,TRSFC

0,TRSFU

0,TRSFD

0,TRSFP

0,TRSFM

0,TRSFH

0,TRSFG

0,TRSFB

0,TRSFY

0,TRSFW

0,TRSFK

0,TRSFV

0,TRSFX

0,TRSFZ

0,TRSFJ

0,TRSFQ

0,TRSYR

0,TRSYT

0,TRSYL

0,TRSYC

0,TRSYU

0,TRSYD

0,TRSYP

0,TRSYM

0,TRSYH

0,TRSYG

0,TRSYB

0,TRSYF

0,TRSYW

0,TRSYK

0,TRSYV

0,TRSYX

0,TRSYZ

0,TRSYJ

0,TRSYQ

0,TRSWR

0,TRSWT

0,TRSWL

0,TRSWC

0,TRSWU

0,TRSWD

0,TRSWP

0,TRSWM

0,TRSWH

0,TRSWG

0,TRSWB

0,TRSWF

0,TRSWY

0,TRSWK

0,TRSWV

0,TRSWX

0,TRSWZ

0,TRSWJ

0,TRSWQ

0,TRSKR

0,TRSKT

0,TRSKL

0,TRSKC

0,TRSKU

0,TRSKD

0,TRSKP

0,TRSKM

0,TRSKH

0,TRSKG

0,TRSKB

0,TRSKF

0,TRSKY

0,TRSKW

0,TRSKV

0,TRSKX

0,TRSKZ

0,TRSKJ

0,TRSKQ

0,TRSVR

0,TRSVT

0,TRSVL

0,TRSVC

0,TRSVU

0,TRSVD

0,TRSVP

0,TRSVM

0,TRSVH

0,TRSVG

0,TRSVB

0,TRSVF

0,TRSVY

0,TRSVW

0,TRSVK

0,TRSVX

0,TRSVZ

0,TRSVJ

0,TRSVQ

0,TRSXR

0,TRSXT

0,TRSXL

0,TRSXC

0,TRSXU

0,TRSXD

0,TRSXP

0,TRSXM

0,TRSXH

0,TRSXG

0,TRSXB

0,TRSXF

0,TRSXY

0,TRSXW

0,TRSXK

0,TRSXV

0,TRSXZ

0,TRSXJ

0,TRSXQ

0,TRSZR

0,TRSZT

0,TRSZL

0,TRSZC

0,TRSZU

0,TRSZD

0,TRSZP

0,TRSZM

0,TRSZH

0,TRSZG

0,TRSZB

0,TRSZF

0,TRSZY

0,TRSZW

0,TRSZK

0,TRSZV

0,TRSZX

0,TRSZJ

0,TRSZQ

0,TRSJR

0,TRSJT

0,TRSJL

0,TRSJC

0,TRSJU

0,TRSJD

0,TRSJP

0,TRSJM

0,TRSJH

0,TRSJG

0,TRSJB

0,TRSJF

0,TRSJY

0,TRSJW

0,TRSJK

0,TRSJV

0,TRSJX

0,TRSJZ

0,TRSJQ

0,TRSQR

0,TRSQT

0,TRSQL

0,TRSQC

0,TRSQU

0,TRSQD

0,TRSQP

0,TRSQM

0,TRSQH

0,TRSQG

0,TRSQB

0,TRSQF

0,TRSQY

0,TRSQW

0,TRSQK

0,TRSQV

0,TRSQX

0,TRSQZ

0,TRSQJ

0,TRRST

0,TRRSL

0,TRRSC

0,TRRSU

0,TRRSD

0,TRRSP

0,TRRSM

0,TRRSH

0,TRRSG

0,TRRSB

0,TRRSF

0,TRRSY

0,TRRSW

0,TRRSK

0,TRRSV

0,TRRSX

0,TRRSZ

0,TRRSJ

0,TRRSQ

0,TRRSR

0,TRTSR

0,TRTSL

0,TRTSC

0,TRTSU

0,TRTSD

0,TRTSP

0,TRTSM

0,TRTSH

0,TRTSG

0,TRTSB

0,TRTSF

0,TRTSY

0,TRTSW

0,TRTSK

0,TRTSV

0,TRTSX

0,TRTSZ

0,TRTSJ

0,TRTSQ

0,TRTST

0,TRSLL

0,TRSCC

0,TRSUU

0,TRSDD

0,TRSPP

0,TRSMM

0,TRSHH

0,TRSGG

0,TRSBB

0,TRSFF

0,TRSYY

0,TRSWW

0,TRSKK

0,TRSVV

0,TRSXX

0,TRSZZ

0,TRSJJ

0,TRSQQ

0,TRLSR

0,TRLST

0,TRLSC

0,TRLSU

0,TRLSD

0,TRLSP

0,TRLSM

0,TRLSH

0,TRLSG

0,TRLSB

0,TRLSF

0,TRLSY

0,TRLSW

0,TRLSK

0,TRLSV

0,TRLSX

0,TRLSZ

0,TRLSJ

0,TRLSQ

0,TRLSL

0,TRCSR

0,TRCST

0,TRCSL

0,TRCSU

0,TRCSD

0,TRCSP

0,TRCSM

0,TRCSH

0,TRCSG

0,TRCSB

0,TRCSF

0,TRCSY

0,TRCSW

0,TRCSK

0,TRCSV

0,TRCSX

0,TRCSZ

0,TRCSJ

0,TRCSQ

0,TRCSC

0,TRUSR

0,TRDST

0,TRPST

0,TRMST

0,TRHST

0,TRGST

0,TRBST

0,TRFST

0,ERITE

0,RRITE

0,ORITE

0,BLOCH

0,ROBYN

0,ROROY

0,RORNY

0,RORLY

0,RORPY

0,RORMY

0,RORBY

0,RORFY

0,RORYY

0,RORVY

0,RORXY

0,RORZY

0,RORJY

0,RORQY

0,RORRY

0,ROORY

0,ROONY

0,ROOLY

0,ROOOY

0,EDMHE

0,EDMGE

0,EDMBE

0,EDMFE

0,EDMWE

0,EDMKE

0,EDMVE

0,EDMXE

0,EDMZE

0,EDMJE

0,EDMQE

0,EDMEE

0,EDMDE

0,EDMME

0,EDHME

0,EDHGE

0,EDHBE

0,EDHFE

0,EDHWE

0,EDHKE

0,EDHVE

0,EDHXE

0,EDHZE

0,EDHJE

0,EDHQE

0,EDHEE

0,EDHDE

0,EDHHE

0,EEDLU

0,EEDLD

0,EEDLP

0,EEDLH

0,EEDLG

0,EEDLF

0,EEDLY

0,EEDLW

0,EEDLV

0,EEDLX

0,EEDLZ

0,EEDLJ

0,EEDLQ

0,EEDLE

0,EEDUL

0,EEDUD

0,EEDUP

0,EEDUH

0,EEDUG

0,EEDUF

0,EEDUY

0,EEDUW

0,EEDUV

0,EEDUX

0,EEDUZ

0,EEDUJ

0,EEDUQ

0,EEDUE

0,EEDDL

0,EEDDU

0,EEDDP

0,EEDDH

0,EEDDG

0,EEDDF

0,EEDDY

0,EEDDW

0,EEDDV

0,EEDDX

0,EEDDZ

0,EEDDJ

0,EEDDQ

0,EEDDE

0,EEDDD

0,EEDPL

0,EEDPU

0,EEDPD

0,EEDPH

0,EEDPG

0,EEDPF

0,EEDPY

0,EEDPW

0,EEDPV

0,EEDPX

0,EEDPZ

0,EEDPJ

0,EEDPQ

0,EEDPE

0,EEDHL

0,EEDHU

0,ERICH

0,IOCTL

0,OSCAN

0,OSMAN

0,HAGUE

0,HAWKE

0,RUDEE

0,NEEOY

0,NEENY

0,NEEUY

0,ENOCH

0,OWENS

0,BOWEN

0,IERTE

0,IERTR

0,IERTO

0,IERTT

0,IERTN

0,IERTS

0,EATON

0,TREAS

0,TREAE

0,TREAA

0,TREAR

0,TREAO

0,TIECK
0,OMANI
0,KHASI
0,KAAII
0,KAANI
0,KAASI
0,KAALI
0,KAACI
0,KAAUI
0,KAADI
0,KAAMI
0,KAAHI
0,KAAGI
0,KAABI
0,KAAFI
0,KAAYI
0,KAAWI
0,KAAKI
0,KAAVI
0,KAAXI
0,KAAZI
0,KAAJI
0,KAAQI
0,KIANI
0,KIASI
0,KIALI
0,KIACI
0,KIAUI
0,KIADI
0,KIAMI
0,KIAHI
0,KIAGI
0,KIABI
0,KIAFI
0,KIAYI
0,KIAWI
0,KNAKI
0,KSAKI
0,KLAKI
0,KCAKI
0,KUAKI
0,KDAKI
0,KMAKI
0,LABEA
0,LABEO
0,LABES
0,ELWAY
0,ONEAL
0,ANEAN
0,ALEAN
0,ADEAN
0,CIMON
0,CAATY
0,UATTY
0,DATTY
0,UNNIT
0,UNUIT
0,UNDIT
0,UNPIT
0,UNGIT
0,UNBIT
0,UNKIT
0,UNVIT
0,UNXIT
0,UNZIT
0,UNJIT
0,UNQIT
0,ELGAR
0,EDGAR
0,ALACL
0,ALACP
0,ALACH
0,ALACB
0,ALACF
0,ALACW
0,ALACV
0,ALACX
0,ALACZ
0,ALACJ
0,ALACQ
0,ALACA
0,ALACC
0,ALAPL
0,ALAPC
0,ALAPH
0,ALAPB
0,ALAPF
0,ALAPW
0,ALAPV
0,ALAPX
0,ALAPZ
0,ALAPJ
0,ALAPQ
0,ALPCA
