S.No,Word
1,TERAI
1,CLONS
0,WEDGE
1,EARTH
1,EARNS
1,EARLS
1,EARLY
1,EATON
1,ERATO
1,ERICA
1,ERICH
1,ERICK
1,ERIKA
1,ERNST
1,ERUCT
1,ERUPT
1,ERUGO
1,ERGOT
1,ERBIL
1,ERWIN
1,ERVIN
1,EIDOS
1,EIGHT
1,EIKON
1,EOSIN
1,EOLIC
1,ETNAS
1,ETUIS
1,ETHAN
1,ETHIC
1,ETHOS
1,ETHYL
1,ENACT
1,ENOCH
1,ENTRY
1,ENSOR
1,ENDOW
1,ENVOI
1,ENVOY
1,ENJOY
1,ESTOP
1,ELAND
1,ELROY
1,ELIAS
1,ELIOT
1,ELISA
1,ELIZA
1,ELTON
1,ELDON
1,ELGAR
1,ELGON
1,ELBOW
1,ELFIN
1,ELYOT
1,ELWAY
1,ELVIA
1,ELVIN
1,ELVIS
1,ECLAT
1,ECHOS
1,EUROS
1,EDAMS
1,EDITS
1,EDITH
1,EDICT
1,EDIFY
1,EDSON
1,EDUCT
1,EDGAR
1,EDWIN
1,EPACT
1,EPICS
1,EPOCH
1,EPOXY
1,EPSON
1,EPSOM
1,EPCOT
1,EPHOR
1,EPHOD
1,EMAIL
1,EMACS
1,EMIRS
1,EMITS
1,EMILY
1,EMORY
1,EMOJI
1,EMPTY
1,EMBAY
1,EMBOW
1,EMBUS
1,EGADS
1,EGYPT
1,EBONY
1,EBOLA
1,EBLIS
1,EYRAS
1,EYING
1,EWING
1,EKING
1,EVANS
1,EVIAN
1,EVITA
1,EVILS
1,EVICT
1,EVORA
1,EXALT
1,EXACT
1,EXAMS
1,EXITS
1,EXIST
1,EXONS
1,EXTRA
1,EXTOL
1,EXURB
1,EXULT
1,EXPAT
1,EXPOS
1,EQUAL
1,EQUIP
1,EQUIV
1,AERON
1,AEONS
1,AESIR
1,AESOP
1,AEGIR
1,AEGIS
1,ARIES
1,ARIEL
1,ARISE
1,ARILS
1,ARIUS
1,AROID
1,AROSE
1,ARTEL
1,ARTIE
1,ARTSY
1,ARNEB
1,ARSED
1,ARSON
1,ARLEN
1,ARLES
1,ARLIN
1,ARCED
1,ARCHT
1,ARUMS
1,ARDEN
1,ARDEB
1,ARMET
1,ARMED
1,ARHUS
1,ARGIL
1,ARGOT
1,ARGON
1,ARGOS
1,ARGOL
1,ARGUE
1,ARGUS
1,AIRES
1,AIRED
1,AIRTS
1,AITCH
1,AISNE
1,AISLE
1,AILED
1,AIDER
1,AIDES
1,AIMED
1,AIKEN
1,ATRIP
1,ATONE
1,ATONY
1,ATOMS
1,ATOMY
1,ATHOS
1,ANETO
1,ANISE
1,ANILE
1,ANILS
1,ANIME
1,ANOLE
1,ANODE
1,ANTES
1,ANTED
1,ANTRE
1,ANTIS
1,ANTIC
1,ANTIQ
1,ANTSY
1,ANDES
1,ANDRE
1,ANGER
1,ANGEL
1,ANGRY
1,ANGIE
1,ANGST
1,ANGLE
1,ANGLO
1,ANGUS
1,ANKLE
1,ANKUS
1,ANKHS
1,ANVIL
1,ANZIO
1,ANZUS
1,ANJOU
1,ASIDE
1,ASTER
1,ASTIR
1,ASTOR
1,ASTON
1,ASCOT
1,ASDIC
1,ASPER
1,ASPEN
1,ASPIC
1,ASHER
1,ASHEN
1,ASHED
1,ASHUR
1,ASBEN
1,ASYUT
1,ASKER
1,ASKED
1,ASKEW
1,ALERT
1,ALEUT
1,ALEPH
1,ALIEN
1,ALINE
1,ALICE
1,ALIGN
1,ALIKE
1,ALIVE
1,ALOES
1,ALOIN
1,ALONE
1,ALONG
1,ALOST
1,ALOUD
1,ALOFT
1,ALTER
1,ALTON
1,ALTOS
1,ALSOP
1,ALCOR
1,ALUMS
1,ALDER
1,ALDEN
1,ALGER
1,ALGIN
1,ALGID
1,ALGOR
1,ALBUM
1,ALYCE
1,ALKYD
1,ALVIN
1,ACERB
1,ACRES
1,ACRED
1,ACRID
1,ACRUX
1,ACING
1,ACIDS
1,ACORN
1,ACTED
1,ACTIN
1,ACTOR
1,ACTON
1,ACNED
1,ACUTE
1,ACMES
1,ACHES
1,ACHED
1,AURIC
1,AUTOS
1,AUNTS
1,AULIC
1,AULOS
1,AUDEN
1,AUDIO
1,AUDIT
1,AUGER
1,AUGHT
1,AUXIN
1,ADEPT
1,ADIEU
1,ADIOS
1,ADITS
1,ADIGE
1,ADORE
1,ADORN
1,ADOLF
1,ADOPT
1,ADOBE
1,ADOWN
1,ADLER
1,ADUST
1,ADULT
1,ADMEN
1,ADMIT
1,ADMIN
1,ADMIX
1,ADVIL
1,ADZES
1,APERY
1,APRIL
1,APRON
1,APING
1,APISH
1,APORT
1,APTER
1,APTLY
1,APURE
1,APHIS
1,APHID
1,AMENT
1,AMEND
1,AMIRS
1,AMITY
1,AMINE
1,AMINO
1,AMISH
1,AMICE
1,AMIDE
1,AMIGO
1,AMONG
1,AMOUR
1,AMNIO
1,AMUSE
1,AMUCK
1,AMPLE
1,AMPLY
1,AMBER
1,AMBRY
1,AMBIT
1,AMBOS
1,AMBLE
1,AHMED
1,AGENT
1,AGRIC
1,AGRON
1,AGIOS
1,AGIST
1,AGILE
1,AGONE
1,AGONY
1,AGNES
1,AGNEW
1,AGLET
1,AGLEY
1,AGLOW
1,ABETS
1,ABIES
1,ABIDE
1,ABORT
1,ABOUT
1,ABODE
1,ABOHM
1,ABOVE
1,ABNER
1,ABLER
1,ABUTS
1,ABUSE
1,ABDUL
1,ABMHO
1,ABHOR
1,ABYSM
1,AFRIT
1,AFROS
1,AFIRE
1,AFORE
1,AFOUL
1,AFTER
1,AYERS
1,AYINS
1,AWING
1,AWOKE
1,AWNED
1,AWFUL
1,AKRON
1,AKSUM
1,AVERT
1,AVERS
1,AVERY
1,AVENS
1,AVIOR
1,AVION
1,AVOIR
1,AVOID
1,AVOWS
1,AXIOM
1,AXING
1,AXILS
1,AXONS
1,AXLES
1,AZINE
1,AZIDE
1,AZOIC
1,AZOTE
1,AZOTH
1,AZOLE
1,AZTEC
1,AZURE
1,AJMER
1,REALS
1,REALM
1,REACT
1,REACH
1,READS
1,READY
1,REAPS
1,REAMS
1,REINS
1,REICH
1,REIMS
1,REIGN
1,REIFY
1,RETCH
1,RENAL
1,RENTS
1,RENDS
1,RESAT
1,RESIT
1,RESIN
1,RESOW
1,RESHT
1,RELAY
1,RELAX
1,RELIC
1,RECAP
1,RECON
1,RECTI
1,RECTO
1,RECUT
1,REDAN
1,REDON
1,REDLY
1,REDUX
1,REPAY
1,REPLY
1,REMAP
1,REMIT
1,REMIX
1,REMUS
1,REHAB
1,REGAL
1,REGIN
1,REGIS
1,REBID
1,REBUT
1,REBUS
1,REFIT
1,REFIX
1,REYNA
1,REVAL
1,REJIG
1,RAINS
1,RAINY
1,RAISE
1,RAILS
1,RAIDS
1,RAOUL
1,RATES
1,RATEL
1,RATED
1,RATIO
1,RATHE
1,RANIS
1,RANTS
1,RANCE
1,RANCH
1,RANDI
1,RANDY
1,RANGE
1,RANGY
1,RANKS
1,RASPY
1,RASHT
1,RALES
1,RALPH
1,RACES
1,RACED
1,RACON
1,RACKS
1,RADIO
1,RADIX
1,RADON
1,RADOM
1,RAPES
1,RAPED
1,RAPID
1,RAMEN
1,RAMIE
1,RAMON
1,RAMOS
1,RAMPS
1,RAMBO
1,RAGES
1,RAGED
1,RAGIS
1,RABIN
1,RABID
1,RAFTS
1,RAYON
1,RAKES
1,RAKED
1,RAVEN
1,RAVES
1,RAVEL
1,RAVED
1,RAVIN
1,RAZES
1,RAZED
1,RAJES
1,RIELS
1,RIANT
1,RIALS
1,RIOTS
1,RITES
1,RITZY
1,RINSE
1,RINDS
1,RINGO
1,RINGS
1,RINKS
1,RISEN
1,RISKY
1,RILES
1,RILED
1,RILEY
1,RILKE
1,RICES
1,RICED
1,RICKS
1,RICKY
1,RIDES
1,RIDGE
1,RIDGY
1,RIPEN
1,RIPON
1,RIMES
1,RIMED
1,RIGEL
1,RIGHT
1,RIFTS
1,RIFLE
1,RIYAL
1,RIVET
1,RIVEN
1,RIVES
1,RIVED
1,RIVAS
1,RIVAL
1,RIZAL
1,ROANS
1,ROAST
1,ROACH
1,ROADS
1,ROAMS
1,ROILS
1,ROILY
1,ROTAS
1,ROTLS
1,RONAL
1,RONDE
1,RONDA
1,ROSIE
1,ROSIN
1,ROLES
1,ROLEX
1,ROCHE
1,ROCHA
1,ROCKS
1,ROCKY
1,ROUEN
1,ROUES
1,ROUTE
1,ROUTS
1,ROUND
1,ROUSE
1,ROUST
1,ROUGE
1,ROUGH
1,RODIN
1,ROPES
1,ROPED
1,ROMES
1,ROMAN
1,ROMPS
1,ROGET
1,ROGUE
1,ROBES
1,ROBED
1,ROBIN
1,ROBLE
1,ROBYN
1,ROYAL
1,ROYCE
1,ROWEL
1,ROWED
1,ROWAN
1,ROWDY
1,ROVES
1,ROVED
1,ROXIE
1,ROJAS
1,ROQUE
1,RUINS
1,RUING
1,RUTAN
1,RUTHS
1,RUNES
1,RUNIC
1,RUNTS
1,RUNTY
1,RUNGS
1,RUSTY
1,RUSHY
1,RULES
1,RULED
1,RUCHE
1,RUCKS
1,RUMEN
1,RUMAL
1,RUMPS
1,RUMBA
1,RUGBY
1,RUBEN
1,RUBES
1,RUBEL
1,RUBIN
1,RUBIK
1,RUBLE
1,RHEAS
1,RHEUM
1,RHINE
1,RHINO
1,RHONE
1,RHONA
1,RHODE
1,RHODA
1,RHOMB
1,RHUMB
1,RHYME
1,IAMBS
1,IRADE
1,IRONS
1,IRONY
1,IRKED
1,IOTAS
1,IOCTL
1,IOWAN
1,IOWAS
1,ITEMS
1,ITALY
1,ITCHY
1,INERT
1,INEPT
1,INAPT
1,INORG
1,INTER
1,INTEL
1,INTRO
1,INSET
1,INSTR
1,INLET
1,INLAY
1,INCED
1,INCAS
1,INCUR
1,INCUS
1,INURE
1,INDEF
1,INDEX
1,INDRE
1,INDRA
1,INDUE
1,INDUS
1,INDUC
1,INPUT
1,INGOT
1,INGLE
1,INBOX
1,INFER
1,INFRA
1,INKED
1,INKLE
1,INVAR
1,ISTLE
1,ISLET
1,ISLAM
1,ILEAC
1,ILEUS
1,ILEUM
1,ICAHN
1,ICONS
1,ICTUS
1,ICHOR
1,ICBMS
1,IDEAS
1,IDEAL
1,IDAHO
1,IDOLS
1,IDLER
1,IDLES
1,IMAGE
1,IMAGO
1,IMPER
1,IMPEL
1,IMPLY
1,IMBUE
1,IHRAM
1,IBERT
1,IBSEN
1,IYARS
1,IVORY
1,IXTLE
1,IZARD
1,IQBAL
1,OARED
1,OATEN
1,OATES
1,OATHS
1,OAKEN
1,OAKUM
1,OREAD
1,ORATE
1,ORANG
1,ORALS
1,ORIEL
1,ORIYA
1,ORTIZ
1,ORNIS
1,ORCAS
1,ORCUS
1,ORMUZ
1,ORGAN
1,ORBIT
1,ORVAL
1,OINKS
1,OILER
1,OILED
1,OTHER
1,OTWAY
1,ONEAL
1,ONEGA
1,ONTIC
1,ONSET
1,OSAGE
1,OSIER
1,OSTIA
1,OSCAR
1,OSCAN
1,OSMAN
1,OSMIC
1,OLEIN
1,OLEIC
1,OLEUM
1,OLIVE
1,OLSEN
1,OLDER
1,OLDEN
1,OLDIE
1,OLMEC
1,OCEAN
1,OCREA
1,OCTAN
1,OCTAL
1,OCTAD
1,OCULI
1,OCHER
1,OCKER
1,OUIJA
1,OUTER
1,OUTED
1,OUTRE
1,OUNCE
1,OUSEL
1,OUPHE
1,OUGHT
1,OUZEL
1,OUJDA
1,ODETS
1,ODEUM
1,ODIUM
1,OPERA
1,OPENS
1,OPALS
1,OPAHS
1,OPRAH
1,OPINE
1,OPING
1,OPIUM
1,OPTED
1,OPTIC
1,OPHIR
1,OMENS
1,OMEGA
1,OMANI
1,OMAGH
1,OMITS
1,OMBER
1,OHMIC
1,OGRES
1,OGIVE
1,OGLER
1,OGLES
1,OGLED
1,OGDEN
1,OGHAM
1,OBEAH
1,OBELI
1,OBEYS
1,OBITS
1,OBJET
1,OFRIS
1,OFTEN
1,OWENS
1,OWING
1,OWNER
1,OWNED
1,OWLET
1,OKAPI
1,OKAYS
1,OKRAS
1,OKING
1,OVERT
1,OVERS
1,OVENS
1,OVARY
1,OVATE
1,OVALS
1,OVINE
1,OVULE
1,OXIDE
1,OXIME
1,OZARK
1,TEARS
1,TEARY
1,TEALS
1,TEACH
1,TEAMS
1,TEAKS
1,TERAI
1,TERNI
1,TERNS
1,TERMS
1,TENIA
1,TENOR
1,TENCH
1,TENDS
1,TESOL
1,TESLA
1,TELIC
1,TECHS
1,TECHY
1,TEPIC
1,TEPID
1,TEMPI
1,TEMPO
1,TEMPS
1,TEXAN
1,TEXAS
1,TAEGU
1,TARES
1,TARED
1,TARIM
1,TAROS
1,TARNS
1,TARSI
1,TARDY
1,TARPS
1,TARGE
1,TAINE
1,TAINO
1,TAILS
1,TANEY
1,TANSY
1,TANGO
1,TANGS
1,TANGY
1,TANKS
1,TASER
1,TALER
1,TALES
1,TALON
1,TALOS
1,TALUS
1,TALUK
1,TALKS
1,TALKY
1,TACOS
1,TACHE
1,TACKS
1,TACKY
1,TAUPE
1,TAPER
1,TAPES
1,TAPED
1,TAPIR
1,TAPIS
1,TAMER
1,TAMES
1,TAMED
1,TAMIS
1,TAMIL
1,TAMPS
1,TAHOE
1,TAGUS
1,TABES
1,TABOR
1,TABLE
1,TAWNY
1,TAKER
1,TAKEN
1,TAKES
1,TAKIN
1,TAVEL
1,TAXER
1,TAXES
1,TAXED
1,TAXIS
1,TAXON
1,TAJIK
1,TREAS
1,TREAD
1,TREND
1,TREYS
1,TREWS
1,TREKS
1,TRAIN
1,TRAIL
1,TRANS
1,TRASH
1,TRACE
1,TRACI
1,TRACY
1,TRACK
1,TRADE
1,TRAPS
1,TRAMS
1,TRAMP
1,TRAYS
1,TRAWL
1,TRAVE
1,TRIES
1,TRIED
1,TRIAL
1,TRIAD
1,TRIOS
1,TRINE
1,TRINA
1,TRICE
1,TRICK
1,TRIPE
1,TRIPS
1,TRIMS
1,TRIBE
1,TRIKE
1,TROIA
1,TRONA
1,TRONS
1,TROPE
1,TROMP
1,TROYS
1,TROWS
1,TROVE
1,TROJA
1,TRUES
1,TRUED
1,TRUNK
1,TRULY
1,TRUCE
1,TRUCK
1,TRUDY
1,TRUMP
1,TRUGS
1,TRYMA
1,TIERS
1,TIECK
1,TIRES
1,TIRED
1,TIROS
1,TIROL
1,TINEA
1,TINES
1,TINED
1,TINGE
1,TINGS
1,TISHA
1,TISZA
1,TILER
1,TILES
1,TILED
1,TILDE
1,TICAL
1,TICKS
1,TIDES
1,TIDAL
1,TIPSY
1,TIMER
1,TIMES
1,TIMED
1,TIMEX
1,TIMOR
1,TIMON
1,TIMUR
1,TIGER
1,TIGRE
1,TIGON
1,TIBER
1,TOEAS
1,TOEFL
1,TOADS
1,TOADY
1,TORAH
1,TORSE
1,TORSK
1,TORCH
1,TORUS
1,TOILE
1,TOILS
1,TONER
1,TONES
1,TONED
1,TONAL
1,TONIA
1,TONIC
1,TONUS
1,TONGA
1,TONGS
1,TONYA
1,TOSCA
1,TOLAR
1,TOLAN
1,TOLUS
1,TOURS
1,TOUCH
1,TOUGH
1,TODAY
1,TOPER
1,TOPES
1,TOPED
1,TOPAZ
1,TOPIS
1,TOPIC
1,TOPSY
1,TOMES
1,TOMAS
1,TOMSK
1,TOMBS
1,TOGAS
1,TOBEY
1,TOYED
1,TOWER
1,TOWEL
1,TOWED
1,TOWNS
1,TOKEN
1,TOKES
1,TOKED
1,TOKAY
1,TOXIN
1,TOXIC
1,TOQUE
1,TCHAD
1,TURIN
1,TURNS
1,TURCO
1,TURDS
1,TURPS
1,TURBO
1,TURFS
1,TURFY
1,TURKI
1,TURKS
1,TUNER
1,TUNES
1,TUNED
1,TUNAS
1,TUNIS
1,TUNIC
1,TUSHY
1,TULIP
1,TULSA
1,TUCKS
1,TUDOR
1,TUPIS
1,TUPLE
1,TUMID
1,TUMOR
1,TUBER
1,TUBES
1,TUBED
1,TUBAS
1,TUBAL
1,TUXES
1,THERM
1,THEIR
1,THEOL
1,THECA
1,THEGN
1,THEWS
1,THEWY
1,THARP
1,THAIS
1,THANE
1,THANK
1,THAWS
1,THREW
1,THROE
1,THROB
1,THROW
1,THRUM
1,THIEU
1,THIEF
1,THIRD
1,THIOL
1,THINE
1,THINS
1,THING
1,THINK
1,THICK
1,THORN
1,THORP
1,THONG
1,THOSE
1,THOLE
1,THOUS
1,THURS
1,THUNK
1,THULE
1,THUDS
1,THUMP
1,THUMB
1,THUGS
1,THUYA
1,THUJA
1,THYME
1,TYROS
1,TYING
1,TYSON
1,TYLER
1,TYCHE
1,TYCHO
1,TYPES
1,TYPED
1,TYPAL
1,TYPOS
1,TYPHA
1,TYKES
1,TWEAK
1,TWERP
1,TWERK
1,TWAIN
1,TWANG
1,TWIRL
1,TWINE
1,TWINS
1,TWINK
1,TWILA
1,TWICE
1,TWIGS
1,NEARS
1,NEATH
1,NEAPS
1,NERAL
1,NERDS
1,NERDY
1,NERVA
1,NERVY
1,NEIGH
1,NELDA
1,NECKS
1,NEPAL
1,NEPOS
1,NEHRU
1,NEGRO
1,NEGUS
1,NEWRY
1,NEWTS
1,NEWSY
1,NEWLY
1,NEVIS
1,NEVIL
1,NEVUS
1,NEXIS
1,NEXUS
1,NAEVI
1,NARES
1,NARIS
1,NARCS
1,NARDS
1,NARKY
1,NAILS
1,NAIFS
1,NAIVE
1,NAOMI
1,NATES
1,NATCH
1,NASIK
1,NASTY
1,NACRE
1,NACHO
1,NADER
1,NADIR
1,NAPES
1,NAMER
1,NAMES
1,NAMED
1,NAHUM
1,NAKER
1,NAKED
1,NAVES
1,NAVEL
1,NAVIG
1,NAXOS
1,NAZIS
1,NIOBE
1,NITER
1,NITES
1,NITRO
1,NILES
1,NICER
1,NICHE
1,NICKS
1,NIDUS
1,NIPAS
1,NIMES
1,NIMBY
1,NIGER
1,NIGEL
1,NIGHT
1,NIFTY
1,NIVEA
1,NIVAL
1,NIXES
1,NIXED
1,NOELS
1,NOEMI
1,NORAD
1,NORIA
1,NORTH
1,NORSE
1,NORMA
1,NORMS
1,NORGE
1,NOISE
1,NOISY
1,NOTES
1,NOTED
1,NOTCH
1,NOTUS
1,NOTUM
1,NOSED
1,NOLDE
1,NOCKS
1,NODES
1,NODAL
1,NODUS
1,NOMAD
1,NOBEL
1,NOBLE
1,NOBLY
1,NOYES
1,NOYCE
1,NOWAY
1,NOKIA
1,NOVEL
1,NOVAE
1,NOVAS
1,NURSE
1,NURMI
1,NUDER
1,NUDES
1,NUDGE
1,NUMIS
1,NUMBS
1,NUBIA
1,NUKES
1,NUKED
1,NDOLA
1,NYMPH
1,NJORD
1,SEATO
1,SEAMY
1,SERAI
1,SERIN
1,SERIF
1,SEROW
1,SERUM
1,SERVO
1,SEIKO
1,SEOUL
1,SETON
1,SETUP
1,SENOR
1,SELAH
1,SELIM
1,SELMA
1,SEDAN
1,SEDNA
1,SEDUM
1,SEDGY
1,SEPAL
1,SEPIA
1,SEPOY
1,SEPTA
1,SEGNO
1,SEBUM
1,SEWAN
1,SARTO
1,SARGE
1,SARKY
1,SAITH
1,SAINT
1,SAIPH
1,SAONE
1,SATED
1,SATEM
1,SATIN
1,SATYR
1,SANER
1,SANDY
1,SALEP
1,SALEM
1,SALIC
1,SALON
1,SALOP
1,SALTO
1,SALTY
1,SALMI
1,SALVE
1,SALVO
1,SAURY
1,SAUTE
1,SAUCE
1,SAUCY
1,SAUDI
1,SADIE
1,SADLY
1,SADHU
1,SAPIR
1,SAPID
1,SAPOR
1,SAMEY
1,SAMBO
1,SAHEL
1,SAHIB
1,SAGER
1,SABER
1,SABRE
1,SABIN
1,SABIK
1,SABOT
1,SABLE
1,SAFER
1,SAYER
1,SAWER
1,SAWED
1,SAKER
1,SAKTI
1,SAVER
1,SAVED
1,SAVOR
1,SAVOY
1,SAXON
1,SRUTI
1,SIENA
1,SIRET
1,SIREN
1,SIRED
1,SIOUX
1,SITED
1,SITAR
1,SITKA
1,SINEW
1,SINCE
1,SINGE
1,SINGH
1,SILTY
1,SILKY
1,SILVA
1,SICKO
1,SIDRA
1,SIDON
1,SIDLE
1,SIPLE
1,SIMAR
1,SIMON
1,SIMLA
1,SIMBA
1,SIGMA
1,SIGHT
1,SIBYL
1,SIVAN
1,SIXTH
1,SIXTY
1,SIZER
1,SIZED
1,SIZAR
1,SOAPY
1,SOAVE
1,SORTA
1,SONAR
1,SONIA
1,SONIC
1,SONLY
1,SONDE
1,SONYA
1,SONJA
1,SOLED
1,SOLAR
1,SOLAN
1,SOLID
1,SOLVE
1,SOCLE
1,SOCHE
1,SOCHI
1,SOUTH
1,SOUND
1,SOULT
1,SOUPY
1,SOUGH
1,SOPHY
1,SOBER
1,SOFAR
1,SOFIA
1,SOFTA
1,SOFTY
1,SOYUZ
1,SOWER
1,SOWED
1,STEAL
1,STEAD
1,STEAM
1,STEAK
1,STERN
1,STEIN
1,STENO
1,STELA
1,STAEL
1,STARE
1,STARK
1,STAIR
1,STAIN
1,STAID
1,STANE
1,STAND
1,STANG
1,STANK
1,STALE
1,STALK
1,STACI
1,STACY
1,STACK
1,STAPH
1,STAMP
1,STAGE
1,STAGY
1,STAKE
1,STAVE
1,STREP
1,STREW
1,STRAP
1,STRAY
1,STRAW
1,STRIA
1,STRIP
1,STROP
1,STROY
1,STROW
1,STRUM
1,STIRK
1,STINE
1,STING
1,STINK
1,STILE
1,STICH
1,STICK
1,STIPE
1,STORE
1,STORM
1,STORY
1,STORK
1,STOIC
1,STONE
1,STONY
1,STOLE
1,STOCK
1,STOUP
1,STOPE
1,STOMA
1,STOGY
1,STOWE
1,STOKE
1,STOVE
1,STUNG
1,STUNK
1,STUCK
1,STUDY
1,STUPE
1,STUPA
1,STUMP
1,STDIO
1,STYLE
1,STYLI
1,SNEAD
1,SNEAK
1,SNECK
1,SNARE
1,SNARL
1,SNARF
1,SNARK
1,SNAIL
1,SNATH
1,SNACK
1,SNAFU
1,SNAKE
1,SNAKY
1,SNICK
1,SNIDE
1,SNIPE
1,SNORE
1,SNORT
1,SNOUT
1,SNOWY
1,SLEPT
1,SLAIN
1,SLATE
1,SLATY
1,SLANT
1,SLANG
1,SLACK
1,SLAKE
1,SLAVE
1,SLIER
1,SLING
1,SLINK
1,SLICE
1,SLICK
1,SLIDE
1,SLIME
1,SLIMY
1,SLIGO
1,SLOAN
1,SLOTH
1,SLOPE
1,SLUED
1,SLURP
1,SLUNG
1,SLUNK
1,SLUMP
1,SLYER
1,SLYPE
1,SCENT
1,SCEND
1,SCARE
1,SCARP
1,SCARF
1,SCARY
1,SCANT
1,SCALE
1,SCALD
1,SCALP
1,SCALY
1,SCAPE
1,SCAMP
1,SCREW
1,SCRAP
1,SCRAM
1,SCRAG
1,SCRIP
1,SCRIM
1,SCROD
1,SCROG
1,SCRUM
1,SCRUB
1,SCION
1,SCORE
1,SCORN
1,SCONE
1,SCOLD
1,SCOUR
1,SCOUT
1,SCOPE
1,SCOWL
1,SCURF
1,SCUTE
1,SCUTA
1,SCULP
1,SCUDO
1,SCUBA
1,SCHMO
1,SCHWA
1,SUETY
1,SUAVE
1,SURAT
1,SURAL
1,SURAH
1,SURLY
1,SURGE
1,SURGY
1,SURYA
1,SUITE
1,SUINT
1,SUING
1,SUOMI
1,SUTRA
1,SUNDA
1,SULCI
1,SULFA
1,SULKY
1,SUCRE
1,SUDAN
1,SUDRA
1,SUDOR
1,SUPER
1,SUPRA
1,SUMER
1,SUMAC
1,SUMBA
1,SUGAR
1,SUFIC
1,SUWON
1,SUZAN
1,SPEAR
1,SPEAK
1,SPERM
1,SPENT
1,SPEND
1,SPECK
1,SPARE
1,SPARK
1,SPAIN
1,SPATE
1,SPANG
1,SPANK
1,SPACE
1,SPADE
1,SPAHI
1,SPAHN
1,SPAWN
1,SPAKE
1,SPRAT
1,SPRAG
1,SPRAY
1,SPRIT
1,SPRIG
1,SPROG
1,SPRUE
1,SPIER
1,SPIEL
1,SPIED
1,SPIRE
1,SPIRO
1,SPIRY
1,SPITE
1,SPITZ
1,SPINE
1,SPINY
1,SPINX
1,SPILE
1,SPICE
1,SPICA
1,SPICY
1,SPIKE
1,SPIKY
1,SPORE
1,SPORT
1,SPOIL
1,SPOCK
1,SPOUT
1,SPODE
1,SPOKE
1,SPLAT
1,SPLAY
1,SPLIT
1,SPUED
1,SPURT
1,SPURN
1,SPUTA
1,SPUNK
1,SPUME
1,SPUMY
1,SMEAR
1,SMELT
1,SMART
1,SMALT
1,SMACK
1,SMAZE
1,SMIRK
1,SMITE
1,SMITH
1,SMILE
1,SMOTE
1,SMOLT
1,SMOCK
1,SMOKE
1,SMOKY
1,SMURF
1,SHEAR
1,SHEAF
1,SHERI
1,SHERD
1,SHEIK
1,SHEOL
1,SHEND
1,SHELF
1,SHEBA
1,SHEWN
1,SHAEF
1,SHARE
1,SHARI
1,SHARD
1,SHARP
1,SHARK
1,SHANE
1,SHANG
1,SHANK
1,SHALE
1,SHALT
1,SHACK
1,SHAUN
1,SHADE
1,SHADY
1,SHAPE
1,SHAME
1,SHAFT
1,SHAWN
1,SHAWL
1,SHAWM
1,SHAKE
1,SHAKO
1,SHAKY
1,SHAVE
1,SHRED
1,SHREW
1,SHREK
1,SHRUG
1,SHRUB
1,SHIER
1,SHIED
1,SHIRE
1,SHIRT
1,SHIRK
1,SHINE
1,SHINY
1,SHIFT
1,SHIVE
1,SHIVA
1,SHOAT
1,SHOAL
1,SHORE
1,SHORT
1,SHOTE
1,SHONE
1,SHOCK
1,SHOUT
1,SHOWA
1,SHOWN
1,SHOWY
1,SHOVE
1,SHUTE
1,SHUNT
1,SHULA
1,SHUCK
1,SHYER
1,SYRIA
1,SYRUP
1,SYNOD
1,SYNOP
1,SYNTH
1,SYNGE
1,SYLPH
1,SYBIL
1,SWEAR
1,SWEAT
1,SWEPT
1,SWART
1,SWARD
1,SWARM
1,SWAIN
1,SWATH
1,SWANK
1,SWALE
1,SWAMI
1,SWAMP
1,SWAGE
1,SWAZI
1,SWIRL
1,SWITZ
1,SWINE
1,SWING
1,SWINK
1,SWIPE
1,SWIFT
1,SWORE
1,SWORN
1,SWORD
1,SWUNG
1,SKEAN
1,SKEIN
1,SKELP
1,SKATE
1,SKALD
1,SKIER
1,SKIED
1,SKIRT
1,SKIRL
1,SKITE
1,SKINT
1,SKIMP
1,SKIVE
1,SKOAL
1,SKULD
1,SKYPE
1,SQUAT
1,SQUAD
1,SQUAB
1,SQUAW
1,SQUID
1,SQUIB
1,LEARN
1,LEARY
1,LEANS
1,LEAST
1,LEASH
1,LEACH
1,LEADS
1,LEAPT
1,LEAPS
1,LEAFS
1,LEAFY
1,LEAKS
1,LEAKY
1,LEROY
1,LEITH
1,LEIGH
1,LEONA
1,LETUP
1,LETHA
1,LENIS
1,LENTO
1,LENTS
1,LENDS
1,LECKY
1,LEPTA
1,LEPUS
1,LEMAN
1,LEMON
1,LEMUR
1,LEGIT
1,LEFTS
1,LEFTY
1,LEWIS
1,LEVIT
1,LEVIN
1,LEVIS
1,LEXIS
1,LEXUS
1,LARES
1,LARNE
1,LARCH
1,LARUM
1,LARDS
1,LARDY
1,LARGE
1,LARGO
1,LARKS
1,LAIRS
1,LAIRD
1,LAITY
1,LAIUS
1,LATER
1,LATED
1,LATEX
1,LATIN
1,LATCH
1,LATHE
1,LATHI
1,LATHS
1,LATHY
1,LATKE
1,LANES
1,LANCE
1,LANDS
1,LANKY
1,LASER
1,LASED
1,LASKI
1,LACER
1,LACES
1,LACED
1,LACEY
1,LACKS
1,LAURI
1,LAUDS
1,LAUGH
1,LADEN
1,LADES
1,LADIN
1,LADON
1,LAPIN
1,LAPSE
1,LAMER
1,LAMES
1,LAMED
1,LAMPS
1,LAMBS
1,LAGER
1,LAGOS
1,LABOR
1,LAYER
1,LAYUP
1,LAWES
1,LAWNS
1,LAKER
1,LAKES
1,LAKHS
1,LAVER
1,LAVES
1,LAVED
1,LAXER
1,LAZES
1,LAZED
1,LAJOS
1,LIENS
1,LIEUT
1,LIARS
1,LIARD
1,LIONS
1,LITER
1,LITAS
1,LITHE
1,LITHO
1,LINER
1,LINES
1,LINED
1,LINTS
1,LINTY
1,LINUS
1,LINUX
1,LINDA
1,LINDY
1,LINGO
1,LINGS
1,LINKS
1,LISZT
1,LICKS
1,LIDOS
1,LIMEN
1,LIMES
1,LIMED
1,LIMEY
1,LIMOS
1,LIMNS
1,LIMPS
1,LIMBO
1,LIMBS
1,LIGER
1,LIGAN
1,LIGHT
1,LIBER
1,LIBAU
1,LIBRA
1,LIBYA
1,LIFER
1,LIFTS
1,LIKER
1,LIKEN
1,LIKES
1,LIKED
1,LIVER
1,LIVEN
1,LIVES
1,LIVED
1,LIVRE
1,LOEWI
1,LOEWS
1,LOATH
1,LOANS
1,LOACH
1,LOADS
1,LOAMS
1,LOAMY
1,LOAFS
1,LOREN
1,LORAN
1,LORIE
1,LORIS
1,LORNA
1,LORCA
1,LORDS
1,LOIRE
1,LOINS
1,LOTAS
1,LOTIC
1,LOTUS
1,LOTZE
1,LONER
1,LONGE
1,LONGS
1,LOSER
1,LOCUS
1,LOCUM
1,LOCKE
1,LOCKS
1,LOURS
1,LOUIE
1,LOUIS
1,LOUTS
1,LOUTH
1,LOUSE
1,LOUSY
1,LOUPE
1,LOUGH
1,LODEN
1,LODES
1,LODGE
1,LOPER
1,LOPES
1,LOPED
1,LOPEZ
1,LOMAX
1,LOGES
1,LOGAN
1,LOGIA
1,LOGIN
1,LOGIC
1,LOBES
1,LOBED
1,LOBAR
1,LOFTS
1,LOFTY
1,LOWER
1,LOWED
1,LOWRY
1,LOVER
1,LOVES
1,LOVED
1,LOVEY
1,LURES
1,LURED
1,LUREX
1,LURIA
1,LURID
1,LURCH
1,LURGY
1,LURKS
1,LUISA
1,LUTES
1,LUTON
1,LUNAR
1,LUNIK
1,HUNCH
1,LUNGE
1,LUNGI
1,LUNGS
1,LUSTY
1,LUSHY
1,LUCAN
1,LUCAS
1,LUCRE
1,LUCIA
1,LUCIO
1,LUCID
1,LUCKS
1,LUCKY
1,LUDIC
1,LUMEN
1,LUMPS
1,LUMPY
1,LUGER
1,LUGES
1,LUGED
1,LUBES
1,LUBED
1,LUBRA
1,LUXES
1,LUXOR
1,LUZON
1,LYRES
1,LYRIC
1,LYING
1,LYONS
1,LYTIC
1,LYNCH
1,LYNDA
1,LYSIN
1,LYCRA
1,LYCIA
1,LYDIA
1,LYMAN
1,LYMPH
1,LWEIS
1,CERAM
1,CERIA
1,CEROS
1,CERTS
1,CEIBA
1,CEORL
1,CETUS
1,CENIS
1,CENTO
1,CENTS
1,CESAR
1,CESTA
1,CELIA
1,CELOM
1,CELTS
1,CEUTA
1,CEDAR
1,CEDIS
1,CEBUS
1,CARET
1,CARES
1,CARED
1,CAREY
1,CAREW
1,CARIB
1,CAROL
1,CAROM
1,CAROB
1,CARTE
1,CARTS
1,CARNE
1,CARNY
1,CARSE
1,CARLO
1,CARLY
1,CARDS
1,CARPI
1,CARPS
1,CARGO
1,CARBS
1,CARYL
1,CARKS
1,CARVE
1,CAIRO
1,CAIRN
1,CAIRD
1,CAINE
1,CAINS
1,CAIUS
1,CATER
1,CATHY
1,CANER
1,CANES
1,CANED
1,CANOE
1,CANTO
1,CANTS
1,CANTU
1,CANTY
1,CANSO
1,CANST
1,CANDY
1,CASED
1,CASEY
1,CASIO
1,CASTE
1,CALEB
1,CALIF
1,CALPE
1,CALMS
1,CALYX
1,CALKS
1,CALVE
1,CAUSE
1,CAULS
1,CAULK
1,CADET
1,CADRE
1,CADIZ
1,CADGE
1,CAPER
1,CAPET
1,CAPES
1,CAPED
1,CAPEK
1,CAPRI
1,CAPON
1,CAPOS
1,CAPUT
1,CAMEO
1,CAMEL
1,CAMRY
1,CAMUS
1,CAMPO
1,CAMPS
1,CAMPY
1,CAGER
1,CAGES
1,CAGED
1,CAGEY
1,CABER
1,CABIN
1,CABOT
1,CABLE
1,CAFES
1,CAYES
1,CAWED
1,CAKES
1,CAKED
1,CAVER
1,CAVES
1,CAVED
1,CAVIE
1,CAVIL
1,CAJUN
1,CREAM
1,CREAK
1,CREON
1,CREST
1,CREDO
1,CREPT
1,CREWS
1,CRAIG
1,CRATE
1,CRANE
1,CRANK
1,CRASH
1,CRAPE
1,CRAPS
1,CRAPY
1,CRAMS
1,CRAGS
1,CRABS
1,CRAFT
1,CRAYS
1,CRAWS
1,CRAWL
1,CRAKE
1,CRAVE
1,CRAZE
1,CRAZY
1,CRIES
1,CRIED
1,CRINE
1,CRISP
1,CRIME
1,CRIMP
1,CRIBS
1,CROAT
1,CROAK
1,CRONE
1,CRONY
1,CRONK
1,CROUP
1,CROPS
1,CROFT
1,CROWN
1,CROWS
1,CROWD
1,CROZE
1,CRUET
1,CRUEL
1,CRUSE
1,CRUST
1,CRUSH
1,CRUDE
1,CRUMP
1,CRUMB
1,CRUFT
1,CRYST
1,CRYPT
1,CRWTH
1,CIAOS
1,CITES
1,CITED
1,CINDY
1,CIDER
1,CIPRO
1,CIMEX
1,CIMON
1,CIGAR
1,CIVET
1,COEDS
1,COATI
1,COATS
1,COAST
1,COALS
1,COALY
1,CORES
1,CORED
1,COREY
1,CORAL
1,CORIA
1,CORNS
1,CORNU
1,CORNY
1,CORSE
1,CORDS
1,CORPS
1,CORMS
1,CORGI
1,CORBY
1,CORFU
1,CORKS
1,CORKY
1,COIRS
1,COINS
1,COILS
1,COIGN
1,COIFS
1,COTES
1,CONES
1,CONED
1,CONEY
1,CONTE
1,CONTR
1,CONTD
1,CONGA
1,CONKS
1,COSET
1,COSTE
1,COSTA
1,COSBY
1,COLET
1,COLES
1,COLEY
1,COLAS
1,COLIN
1,COLTS
1,COLUM
1,COLDS
1,COLBY
1,COLZA
1,COURT
1,COUTH
1,COUNT
1,COULD
1,COUPE
1,COUPS
1,COUGH
1,CODER
1,CODES
1,CODEX
1,CODAS
1,COPER
1,COPES
1,COPED
1,COPAL
1,COPAY
1,COPRA
1,COPTS
1,COPSE
1,COMER
1,COMET
1,COMES
1,COMAS
1,COMTE
1,COMUS
1,COMDR
1,COMDT
1,COMDG
1,COMPS
1,COMBE
1,COMBS
1,COMFY
1,COHEN
1,COHAN
1,COBRA
1,COBIA
1,COBLE
1,COYER
1,COYPU
1,COWER
1,COWES
1,COWED
1,COWLS
1,COKES
1,COKED
1,COVER
1,COVET
1,COVEN
1,COVES
1,COVEY
1,COVIN
1,COXES
1,COXED
1,COXAE
1,COZEN
1,CLEAR
1,CLEAT
1,CLEAN
1,CLERK
1,CLEON
1,CLEFT
1,CLEFS
1,CLEWS
1,CLARE
1,CLARO
1,CLARY
1,CLARK
1,CLAIR
1,CLAIM
1,CLANS
1,CLANG
1,CLANK
1,CLASP
1,CLASH
1,CLAUS
1,CLAUD
1,CLAPS
1,CLAMS
1,CLAMP
1,CLAYS
1,CLAWS
1,CLAVE
1,CLAVI
1,CLIOS
1,CLITS
1,CLINE
1,CLINT
1,CLING
1,CLINK
1,CLIPS
1,CLIME
1,CLIMB
1,CLIVE
1,CLOAK
1,CLOTS
1,CLOTH
1,CLONE
1,CLONK
1,CLOSE
1,CLOUT
1,CLOUD
1,CLODS
1,CLOPS
1,CLOMP
1,CLOMB
1,CLOGS
1,CLOYS
1,CLOWN
1,CLOVE
1,CLUES
1,CLUED
1,CLUNG
1,CLUNY
1,CLUNK
1,CLUMP
1,CLUBS
1,CLYDE
1,CLWYD
1,CLXIV
1,CLXVI
1,CURET
1,CURES
1,CURED
1,CURIE
1,CURIA
1,CURIO
1,CURSE
1,CURLS
1,CURLY
1,CURDS
1,CURDY
1,CURBS
1,CURVE
1,CURVY
1,CUING
1,CUTER
1,CUTEY
1,CUTIE
1,CUTIN
1,CUTIS
1,CUNEO
1,CUNTS
1,CUSHY
1,CULET
1,CULEX
1,CULTS
1,CULPA
1,CULMS
1,CUPEL
1,CUPAR
1,CUPID
1,CUMAE
1,CUMAN
1,CUMIN
1,CUBER
1,CUBES
1,CUBED
1,CUBAN
1,CUBIT
1,CUKES
1,CHEAT
1,CHEAP
1,CHERI
1,CHERT
1,CHEST
1,CHELA
1,CHEMO
1,CHEFS
1,CHEWS
1,CHEWY
1,CHEKA
1,CHEVY
1,CHEJU
1,CHARE
1,CHARI
1,CHART
1,CHARS
1,CHARD
1,CHARM
1,CHARY
1,CHAIR
1,CHAIN
1,CHAOS
1,CHATS
1,CHANT
1,CHANG
1,CHASE
1,CHASM
1,CHALK
1,CHADS
1,CHAPE
1,CHAPS
1,CHAMP
1,CHAFE
1,CHAWS
1,CHRIS
1,CHRON
1,CHIEF
1,CHIAO
1,CHIAN
1,CHIRP
1,CHIRM
1,CHIRK
1,CHIOS
1,CHITA
1,CHITS
1,CHINE
1,CHINA
1,CHINO
1,CHINS
1,CHING
1,CHINK
1,CHILE
1,CHILD
1,CHIDE
1,CHIPS
1,CHIME
1,CHIMU
1,CHIMP
1,CHIMB
1,CHIBA
1,CHIVE
1,CHIVY
1,CHORE
1,CHORD
1,CHOIR
1,CHOSE
1,CHOLI
1,CHOPS
1,CHOMP
1,CHOWS
1,CHOKE
1,CHLOE
1,CHURN
1,CHURL
1,CHUTE
1,CHUNG
1,CHUNK
1,CHUMS
1,CHUMP
1,CHUGS
1,CHUBS
1,CHUFA
1,CHYLE
1,CHYME
1,CYRIL
1,CYRUS
1,CYTON
1,CYLIX
1,CYMES
1,CYMAR
1,CYMAS
1,CYMRU
1,CZARS
1,UREDO
1,URALS
1,URIEL
1,URIAL
1,URIAH
1,URINE
1,URMIA
1,URGES
1,URGED
1,URBAN
1,UTERI
1,UTILE
1,UTICA
1,UTHER
1,UNARM
1,UNAPT
1,UNRIG
1,UNIAT
1,UNITE
1,UNITS
1,UNITY
1,UNIFY
1,UNTIE
1,UNTIL
1,UNSET
1,UNSEX
1,UNSAY
1,UNLAY
1,UNLIT
1,UNCAP
1,UNCLE
1,UNDER
1,UNPEG
1,UNMET
1,UNBAR
1,UNBID
1,UNFED
1,UNFIT
1,UNFIX
1,UNWED
1,UNZIP
1,UNJAM
1,USAGE
1,USING
1,USHER
1,ULEMA
1,ULTRA
1,ULNAE
1,ULNAR
1,ULSAN
1,ULCER
1,UDINE
1,UPEND
1,UPTON
1,UPSET
1,UMIAK
1,UMPED
1,UMBER
1,UMBEL
1,UMBRA
1,UHLAN
1,UGRIC
1,UKASE
1,UVEAS
1,UXMAL
1,UZBEK
1,DEARS
1,DEARY
1,DEATH
1,DEANS
1,DEALT
1,DEALS
1,DERIV
1,DERMA
1,DERBY
1,DEITY
1,DEIST
1,DEISM
1,DEIGN
1,DEIFY
1,DETOX
1,DENAR
1,DENIS
1,DENIM
1,DENOM
1,DENTS
1,DENYS
1,DELAY
1,DELIA
1,DELIS
1,DELOS
1,DELTA
1,DELHI
1,DELFT
1,DECAL
1,DECAF
1,DECAY
1,DECRY
1,DECOR
1,DECOY
1,DECKS
1,DEPOT
1,DEPTH
1,DEMIT
1,DEMON
1,DEMOS
1,DEMOB
1,DEMUR
1,DEGAS
1,DEBAR
1,DEBAG
1,DEBRA
1,DEBIT
1,DEBTS
1,DEBUT
1,DEBUS
1,DEBUG
1,DEFOG
1,DEWAR
1,DEWAN
1,DEVIN
1,DEVIL
1,DEVON
1,DAREN
1,DARES
1,DARIO
1,DARIN
1,DARIC
1,DARTS
1,DARTH
1,DARNS
1,DARCY
1,DARBY
1,DARYL
1,DARKY
1,DAIRY
1,DAISY
1,DAILY
1,DATER
1,DATES
1,DATUM
1,DANES
1,DANIO
1,DANTE
1,DANCE
1,DANGS
1,DALES
1,DALEY
1,DACES
1,DAUNT
1,DAUBE
1,DAUBS
1,DAMES
1,DAMON
1,DAMNS
1,DAMPS
1,DAHLS
1,DAGON
1,DAGOS
1,DAWES
1,DAWNS
1,DAVIT
1,DAVIS
1,DAZES
1,DREAM
1,DREGS
1,DRAIN
1,DRANO
1,DRANK
1,DRACO
1,DRAPE
1,DRAMS
1,DRAGS
1,DRABS
1,DRAFT
1,DRAYS
1,DRAWN
1,DRAWS
1,DRAWL
1,DRAKE
1,DRIES
1,DRINK
1,DRILY
1,DRIPS
1,DRIFT
1,DRIVE
1,DROIT
1,DRONE
1,DROPS
1,DROWN
1,DROVE
1,DRUNK
1,DRUSE
1,DRUPE
1,DRUMS
1,DRUGS
1,DRUBS
1,DRUZE
1,DIETS
1,DIEGO
1,DIARY
1,DIANE
1,DIALS
1,DIAZO
1,DIRAC
1,DIRTY
1,DIRGE
1,DIRKS
1,DIONE
1,DITSY
1,DITCH
1,DITZY
1,DINER
1,DINES
1,DINAR
1,DINAH
1,DINTS
1,DINGE
1,DINGO
1,DINGS
1,DINGY
1,DINKA
1,DINKY
1,DISTR
1,DISCO
1,DISHY
1,DICER
1,DICES
1,DICEY
1,DICOT
1,DICTA
1,DICKS
1,DICKY
1,DIPSO
1,DIMER
1,DIMES
1,DIMLY
1,DIGHT
1,DIWAN
1,DIKES
1,DIVER
1,DIVES
1,DIVAN
1,DIVAS
1,DIVOT
1,DIXON
1,DIZEN
1,DIJON
1,DOERS
1,DORIS
1,DORIC
1,DORTY
1,DORMS
1,DORKS
1,DORKY
1,DOING
1,DOILY
1,DOTER
1,DOTES
1,DONAR
1,DONAS
1,DONAL
1,DONAU
1,DONGA
1,DONGS
1,DOLES
1,DOLTS
1,DOLCE
1,DOLBY
1,DOCKS
1,DOUAI
1,DOUAY
1,DOUSE
1,DOUCE
1,DOUMA
1,DOUGH
1,DOUBT
1,DOUBS
1,DOPER
1,DOPES
1,DOPEY
1,DOMES
1,DOGES
1,DOGIE
1,DOGMA
1,DOBRA
1,DOBLA
1,DOYEN
1,DOYLE
1,DOWER
1,DOWEL
1,DOWRY
1,DOWIE
1,DOWNS
1,DOWNY
1,DOWSE
1,DOVER
1,DOVES
1,DOVAP
1,DOZER
1,DOZEN
1,DOZES
1,DNEPR
1,DUERO
1,DUETS
1,DUELS
1,DUANE
1,DUALS
1,DUREY
1,DUREX
1,DURAN
1,DUROC
1,DURST
1,DURGA
1,DUTCH
1,DUNES
1,DUNAJ
1,DUNCE
1,DUNGS
1,DUNKS
1,DUSTY
1,DUSKY
1,DULIA
1,DULSE
1,DUCAT
1,DUCAL
1,DUCTS
1,DUCHY
1,DUCKS
1,DUCKY
1,DUPER
1,DUPES
1,DUPLE
1,DUMAS
1,DUMPS
1,DUMPY
1,DUMBO
1,DUBAI
1,DUBHE
1,DUKES
1,DUKAS
1,DUVET
1,DHOTI
1,DHOLE
1,DHOBI
1,DHOWS
1,DYERS
1,DYAUS
1,DYING
1,DYNES
1,DYNEL
1,DYSON
1,DYLAN
1,DYKES
1,DWELT
1,DWARF
1,DVINA
1,PEART
1,PEARS
1,PEARL
1,PEARY
1,PEATY
1,PEANS
1,PEALS
1,PEACH
1,PEAGS
1,PEAKS
1,PEAKY
1,PERAK
1,PERIS
1,PERIL
1,PEROT
1,PERON
1,PERTH
1,PERLS
1,PERCH
1,PERCY
1,PERDU
1,PERMS
1,PERKS
1,PERKY
1,PERVS
1,PEONS
1,PEONY
1,PETAL
1,PETRA
1,PENAL
1,PENIS
1,PENDS
1,PENZA
1,PESTO
1,PESTY
1,PESKY
1,PELTS
1,PECAN
1,PECOS
1,PECKS
1,PEDAL
1,PEDRO
1,PEMBA
1,PEBAS
1,PEWIT
1,PEKAN
1,PEKIN
1,PAEON
1,PARES
1,PAREU
1,PARED
1,PARIS
1,PAROS
1,PAROL
1,PARTS
1,PARTY
1,PARSE
1,PARSI
1,PARCS
1,PARCH
1,PARKS
1,PARKY
1,PARVE
1,PAIRS
1,PAINE
1,PAINT
1,PAINS
1,PAILS
1,PAIGE
1,PATEN
1,PATES
1,PATEL
1,PATIO
1,PATIN
1,PATON
1,PATSY
1,PATLY
1,PATCH
1,PATHS
1,PANES
1,PANEL
1,PANED
1,PANIC
1,PANTO
1,PANTS
1,PANTY
1,PANSY
1,PANGS
1,PASTE
1,PASTO
1,PASTY
1,PASHM
1,PALER
1,PALES
1,PALED
1,PALEY
1,PALSY
1,PALMS
1,PALMY
1,PACER
1,PACES
1,PACED
1,PACEY
1,PACTS
1,PACKS
1,PAUSE
1,PAULI
1,PADRE
1,PADUS
1,PAMIR
1,PAGER
1,PAGES
1,PAGED
1,PABST
1,PABLO
1,PAYER
1,PAYED
1,PAYNE
1,PAWED
1,PAWNS
1,PAWLS
1,PAVES
1,PAVED
1,PAVIS
1,PAVID
1,PAXES
1,PRESA
1,PRESB
1,PREYS
1,PREXY
1,PRATE
1,PRATO
1,PRATS
1,PRANG
1,PRANK
1,PRASE
1,PRADO
1,PRAMS
1,PRAYS
1,PRAWN
1,PRIES
1,PRIED
1,PRIAM
1,PRION
1,PRINT
1,PRINK
1,PRINZ
1,PRISM
1,PRICE
1,PRICK
1,PRIUS
1,PRIDE
1,PRIME
1,PRIMO
1,PRIGS
1,PRIVY
1,PRIZE
1,PROEM
1,PRONE
1,PRONG
1,PROSE
1,PROSY
1,PROLE
1,PROUD
1,PRODS
1,PROMS
1,PROBE
1,PROFS
1,PROWS
1,PROWL
1,PROVE
1,PROXY
1,PRUNE
1,PRUDE
1,PIERS
1,PIETA
1,PIETY
1,PIANO
1,PIAVE
1,PIROG
1,PIONS
1,PIOUS
1,PITAS
1,PITON
1,PITCH
1,PITHS
1,PITHY
1,PINES
1,PINED
1,PINEY
1,PINOT
1,PINTA
1,PINTO
1,PINTS
1,PINSK
1,PINCH
1,PINGS
1,PINKO
1,PINKS
1,PINKY
1,PISAN
1,PISTE
1,PILES
1,PILED
1,PILAF
1,PILOT
1,PILCH
1,PICOT
1,PICUL
1,PICKS
1,PICKY
1,PIURA
1,PIMAN
1,PIMAS
1,PIKER
1,PIKES
1,PIKED
1,PIKAS
1,PIVOT
1,PIXEL
1,PIQUE
1,POETS
1,POESY
1,POEMS
1,POACH
1,PORES
1,PORED
1,PORTE
1,PORTS
1,PORCH
1,PORGY
1,PORKY
1,POINT
1,POISE
1,POILU
1,PONES
1,PONCE
1,PONCY
1,PONDS
1,PONGS
1,POSER
1,POSEN
1,POSED
1,POSIT
1,POLER
1,POLES
1,POLED
1,POLAR
1,POLIT
1,POLIS
1,POLYS
1,POLKA
1,POCKS
1,POCKY
1,POURS
1,POUTS
1,POUTY
1,POUND
1,POULT
1,POUCH
1,POUFS
1,POMES
1,POHAI
1,POGEY
1,POWER
1,POWYS
1,POKER
1,POKES
1,POKED
1,POKEY
1,POXES
1,PSEUD
1,PSALM
1,PSHAW
1,PSYCH
1,PSKOV
1,PLEAT
1,PLEAS
1,PLEAD
1,PLENA
1,PLEBS
1,PLAIT
1,PLAIN
1,PLAID
1,PLATE
1,PLATO
1,PLATS
1,PLATH
1,PLATY
1,PLANE
1,PLANO
1,PLANT
1,PLANS
1,PLANK
1,PLASM
1,PLASH
1,PLACE
1,PLAGE
1,PLAYS
1,PLIER
1,PLIES
1,PLIED
1,PLINY
1,PLICA
1,PLOTS
1,PLONK
1,PLOCE
1,PLODS
1,PLOYS
1,PLOWS
1,PLUTO
1,PLUNK
1,PLUSH
1,PLUCK
1,PLUME
1,PLUMS
1,PLUMB
1,PLUMY
1,PLUGS
1,PURIM
1,PURSE
1,PURSY
1,PURLS
1,PURGE
1,PUTIN
1,PUNIC
1,PUNTS
1,PUNCH
1,PUNGS
1,PUNGY
1,PUNKS
1,PUSEY
1,PUSAN
1,PUSHY
1,PULER
1,PULES
1,PULED
1,PULAS
1,PULSE
1,PUCKA
1,PUCKS
1,PUDGY
1,PUMAS
1,PUGET
1,PUBES
1,PUBIS
1,PUBIC
1,PUKES
1,PUKED
1,PHEON
1,PHASE
1,PHAGE
1,PHREN
1,PHIAL
1,PHILO
1,PHOTS
1,PHONE
1,PHONS
1,PHONY
1,PHLOX
1,PHYLE
1,PHYLA
1,PHYFE
1,PYRES
1,PYREX
1,PYOID
1,PYOTR
1,PYLON
1,PYLOS
1,PYDNA
1,PYXES
1,PYXIE
1,PYXIS
1,PWNED
1,MEATS
1,MEATH
1,MEATY
1,MEANT
1,MEANS
1,MEANY
1,MEALS
1,MEALY
1,MERAK
1,MERIT
1,MERCA
1,MERCY
1,MERCK
1,MEINY
1,MEOWS
1,METAL
1,METRO
1,METIS
1,METIC
1,METHS
1,MENSA
1,MENUS
1,MENDS
1,MESIC
1,MESON
1,MELIC
1,MELON
1,MELOS
1,MELTS
1,MELDS
1,MELBA
1,MELVA
1,MEDAN
1,MEDAL
1,MEDIA
1,MEDIT
1,MEDIC
1,MEGAN
1,MEGOS
1,MEWLS
1,MEJIA
1,MARES
1,MARIE
1,MARIO
1,MARIN
1,MARIS
1,MAROS
1,MAROC
1,MARTI
1,MARTS
1,MARTY
1,MARNE
1,MARSH
1,MARLS
1,MARLY
1,MARCI
1,MARCO
1,MARCS
1,MARCH
1,MARCY
1,MARGE
1,MARGO
1,MARKS
1,MAINE
1,MAINS
1,MAINZ
1,MAILS
1,MAIDS
1,MAIDU
1,MAIZE
1,MAORI
1,MATER
1,MATES
1,MATED
1,MATEY
1,MATIN
1,MATSU
1,MATCH
1,MATZO
1,MANET
1,MANES
1,MANED
1,MANIC
1,MANOR
1,MANSE
1,MANLY
1,MANUF
1,MANDE
1,MANDY
1,MANGE
1,MANGO
1,MANGY
1,MANKY
1,MASER
1,MASON
1,MALES
1,MALTS
1,MALTY
1,MACES
1,MACED
1,MACRO
1,MACON
1,MACLE
1,MACHO
1,MACKS
1,MAURO
1,MAURY
1,MAUND
1,MAULS
1,MAUDE
1,MAUVE
1,MADLY
1,MADGE
1,MAPLE
1,MAHDI
1,MAGES
1,MAGIC
1,MAGUS
1,MABEL
1,MABLE
1,MAYER
1,MAYOR
1,MAYON
1,MAYST
1,MAYBE
1,MAKER
1,MAKES
1,MAKOS
1,MAVEN
1,MAVIS
1,MAXES
1,MAXED
1,MAXIS
1,MAZER
1,MAZES
1,MAJOR
1,MIENS
1,MIRES
1,MIRED
1,MIRTH
1,MIRZA
1,MITER
1,MITES
1,MITRA
1,MITCH
1,MINER
1,MINES
1,MINED
1,MINOR
1,MINOT
1,MINOS
1,MINTS
1,MINTY
1,MINSK
1,MINCE
1,MINUS
1,MINDS
1,MINDY
1,MINHO
1,MINGY
1,MINKE
1,MINKS
1,MISER
1,MISTY
1,MISDO
1,MILER
1,MILES
1,MILAN
1,MILOS
1,MILTS
1,MILNE
1,MILCH
1,MILFS
1,MILKS
1,MILKY
1,MICAH
1,MICRO
1,MICKS
1,MICKY
1,MIDAS
1,MIDST
1,MIDGE
1,MIGHT
1,MIKES
1,MIKED
1,MIKVA
1,MIXER
1,MIXES
1,MIXED
1,MIZAR
1,MOATS
1,MOANS
1,MOREA
1,MORES
1,MOREL
1,MORAN
1,MORAL
1,MORAY
1,MORIN
1,MORNS
1,MORSE
1,MORPH
1,MOIRE
1,MOIRA
1,MOIST
1,MOILS
1,MOTES
1,MOTEL
1,MOTIF
1,MOTHS
1,MOTHY
1,MONET
1,MONEY
1,MONAS
1,MONAD
1,MONTE
1,MONTH
1,MONTY
1,MONCK
1,MONDE
1,MONKS
1,MOSEL
1,MOSEY
1,MOSUL
1,MOLES
1,MOLAR
1,MOLAS
1,MOLTS
1,MOLDS
1,MOLDY
1,MOCHA
1,MOCKS
1,MOUES
1,MOURN
1,MOUTH
1,MOUNT
1,MOUND
1,MOUSE
1,MOUSY
1,MODES
1,MODEL
1,MODAL
1,MOPER
1,MOPES
1,MOPED
1,MOPEY
1,MOHUR
1,MOGUL
1,MOBIL
1,MOYLE
1,MOWER
1,MOWED
1,MOKES
1,MOVER
1,MOVES
1,MOVED
1,MOVIE
1,MOXIE
1,MCKAY
1,MCJOB
1,MUREX
1,MURAT
1,MURAL
1,MURKS
1,MURKY
1,MUONS
1,MUTER
1,MUTES
1,MUTED
1,MUNRO
1,MUNOZ
1,MUNCH
1,MUNDA
1,MUNGS
1,MUSER
1,MUSED
1,MUSIL
1,MUSIC
1,MUSTH
1,MUSTY
1,MUSCA
1,MUSHY
1,MUSKY
1,MULES
1,MULEY
1,MULTI
1,MULCT
1,MULCH
1,MUCRO
1,MUCIN
1,MUCOR
1,MUCKS
1,MUCKY
1,MUDRA
1,MUFTI
1,MUZAK
1,MUJIB
1,MUJIK
1,MBOYA
1,MYERS
1,MYRON
1,MYRNA
1,MYTHS
1,MYNAS
1,MYNAH
1,MYSIA
1,MYLES
1,MYLAR
1,MYCOL
1,MWERU
1,HEART
1,HEARS
1,HEARD
1,HEATS
1,HEALS
1,HEADS
1,HEADY
1,HEAPS
1,HEAVY
1,HERAT
1,HERON
1,HEROD
1,HERTZ
1,HERDS
1,HERBS
1,HERBY
1,HERZL
1,HEIRS
1,HEINZ
1,HEIST
1,HENRI
1,HENRY
1,HELIX
1,HELOT
1,HELPS
1,HELMS
1,HELGA
1,HEMAL
1,HEMIN
1,HEMIC
1,HEFTS
1,HEFTY
1,HEXAD
1,HEXYL
1,HEJAZ
1,HARES
1,HARED
1,HAREM
1,HARTE
1,HARTS
1,HARDS
1,HARDY
1,HARPS
1,HARPY
1,HARMS
1,HARKS
1,HAIRS
1,HAIRY
1,HAILS
1,HAIKU
1,HAOLE
1,HATER
1,HATES
1,HATED
1,HANEY
1,HANOI
1,HANSE
1,HANCE
1,HANDS
1,HANDY
1,HANGS
1,HANKS
1,HANKY
1,HASID
1,HASTE
1,HASTY
1,HALER
1,HALES
1,HALED
1,HALEY
1,HALON
1,HALOS
1,HALTS
1,HALMS
1,HALVE
1,HACEK
1,HACKS
1,HAUNT
1,HAULS
1,HAULM
1,HADES
1,HADST
1,HAPLY
1,HAMES
1,HAGEN
1,HAGUE
1,HABER
1,HABIT
1,HAFIZ
1,HAFTS
1,HAYES
1,HAYED
1,HAYEK
1,HAYDN
1,HAWED
1,HAWSE
1,HAWKE
1,HAWKS
1,HAKES
1,HAKIM
1,HAVER
1,HAVEN
1,HAVES
1,HAVEL
1,HAVRE
1,HAVOC
1,HAZER
1,HAZES
1,HAZEL
1,HAZED
1,HAJES
1,HIRES
1,HIRED
1,HIRAM
1,HINES
1,HINTS
1,HINDS
1,HINDU
1,HINGE
1,HINGS
1,HILTS
1,HILUM
1,HILDA
1,HICKS
1,HIDER
1,HIDES
1,HIKER
1,HIKES
1,HIKED
1,HIVES
1,HIVED
1,HIJAB
1,HIJRA
1,HOERS
1,HOARS
1,HOARD
1,HOARY
1,HOREB
1,HORAE
1,HORAS
1,HORAL
1,HORTA
1,HORNE
1,HORNS
1,HORNY
1,HORSE
1,HORSA
1,HORST
1,HORSY
1,HORUS
1,HORDE
1,HORME
1,HOIST
1,HOICK
1,HOTEL
1,HOTLY
1,HONER
1,HONES
1,HONED
1,HONEY
1,HONDA
1,HONKS
1,HONKY
1,HOSEA
1,HOSED
1,HOSTA
1,HOLES
1,HOLED
1,HOLEY
1,HOLST
1,HOLDS
1,HOCUS
1,HOCKS
1,HOURI
1,HOURS
1,HOUND
1,HOUSE
1,HODGE
1,HOPES
1,HOPED
1,HOPIS
1,HOMER
1,HOMES
1,HOMED
1,HOMEY
1,HOMIE
1,HOGAN
1,HOGUE
1,HOYLE
1,HOWLS
1,HOWDY
1,HOKES
1,HOKED
1,HOKEY
1,HOKAN
1,HOKUM
1,HOVER
1,HOVEL
1,HUANG
1,HURON
1,HURTS
1,HURST
1,HURLS
1,HURDS
1,HUNTS
1,HUNKS
1,HUNKY
1,HUSKY
1,HULAS
1,HULKS
1,HULKY
1,HUMAN
1,HUMIC
1,HUMID
1,HUMOR
1,HUMPS
1,HUMPY
1,HUGER
1,HUBER
1,HUBLI
1,HDQRS
1,HMONG
1,HYENA
1,HYRAX
1,HYING
1,HYOID
1,HYSON
1,HYDRA
1,HYDRO
1,HYPER
1,HYPES
1,HYPED
1,HYPOS
1,HYMEN
1,HYMNS
1,GEARS
1,GEANS
1,GERAH
1,GERMS
1,GERMY
1,GEIST
1,GEOID
1,GETUP
1,GENRO
1,GENIT
1,GENIC
1,GENIP
1,GENOA
1,GENTS
1,GENUS
1,GELID
1,GELDS
1,GECKO
1,GEMOT
1,GAELS
1,GARTH
1,GARBO
1,GARBS
1,GAITS
1,GAINS
1,GAILY
1,GAIUS
1,GATER
1,GATES
1,GATED
1,GATOR
1,GATUN
1,GANEF
1,GANOF
1,GASPE
1,GALEN
1,GALES
1,GALOP
1,GAURS
1,GAUNT
1,GAULS
1,GAUDS
1,GAUDY
1,GAUZE
1,GAUZY
1,GAPES
1,GAPED
1,GAMER
1,GAMES
1,GAMED
1,GAMEY
1,GAMIN
1,GAMIC
1,GAMOW
1,GAMUT
1,GAMPS
1,GABON
1,GABLE
1,GAYER
1,GAYLE
1,GAWPS
1,GAWKS
1,GAWKY
1,GAVEL
1,GAVIN
1,GAZER
1,GAZES
1,GAZED
1,GREAT
1,GRETA
1,GRECO
1,GREPS
1,GRAIN
1,GRAIL
1,GRATE
1,GRANT
1,GRANS
1,GRAND
1,GRASP
1,GRACE
1,GRADE
1,GRADS
1,GRADY
1,GRAPE
1,GRAPH
1,GRAMS
1,GRABS
1,GRAFT
1,GRAYS
1,GRAVE
1,GRAVY
1,GRAZE
1,GRIEF
1,GRITS
1,GRITH
1,GRINS
1,GRIND
1,GRIST
1,GRIDE
1,GRIDS
1,GRIPE
1,GRIPS
1,GRIME
1,GRIMY
1,GRIFT
1,GROAT
1,GROAN
1,GROIN
1,GROTE
1,GROTS
1,GROSZ
1,GROUT
1,GROUP
1,GROPE
1,GROWN
1,GROWS
1,GROWL
1,GROKS
1,GROVE
1,GRUES
1,GRUEL
1,GRUNT
1,GRUME
1,GRUMP
1,GRUBS
1,GIANT
1,GIROS
1,GIRTS
1,GIRTH
1,GIRLS
1,GIRLY
1,GIRDS
1,GITES
1,GINSU
1,GILES
1,GILTS
1,GILDA
1,GILDS
1,GIPON
1,GIMEL
1,GIMPS
1,GIMPY
1,GIBER
1,GIBES
1,GIBED
1,GIFTS
1,GIVER
1,GIVEN
1,GIVES
1,GIZMO
1,GIJON
1,GOERS
1,GOATS
1,GOALS
1,GOADS
1,GOREN
1,GORES
1,GORED
1,GOREY
1,GORAL
1,GORSE
1,GORPS
1,GORKI
1,GORKY
1,GOTHA
1,GOTHS
1,GONER
1,GONAD
1,GONIF
1,GONDI
1,GONDS
1,GONKS
1,GOLEM
1,GOLAN
1,GOLDA
1,GOLDS
1,GOLFS
1,GOURD
1,GOUTY
1,GOULD
1,GOUDA
1,GOUDY
1,GODEL
1,GODLY
1,GOPAK
1,GOMEL
1,GOMEZ
1,GOFER
1,GOYIM
1,GOWER
1,GOWAN
1,GOWNS
1,GNARL
1,GNATS
1,GNASH
1,GNAWS
1,GNOME
1,GLEAN
1,GLEAM
1,GLENS
1,GLARE
1,GLARY
1,GLAIR
1,GLANS
1,GLAND
1,GLACE
1,GLADE
1,GLADS
1,GLAXO
1,GLAZE
1,GLIAS
1,GLITZ
1,GLINT
1,GLIDE
1,GLOAT
1,GLOAM
1,GLORY
1,GLOMS
1,GLOBE
1,GLOBS
1,GLOWS
1,GLOVE
1,GLOZE
1,GLUES
1,GLUED
1,GLUEY
1,GLUON
1,GLUTS
1,GLUCK
1,GLUME
1,GLYPH
1,GUEST
1,GUARS
1,GUARD
1,GUANO
1,GUANS
1,GUACO
1,GUISE
1,GUILE
1,GUILT
1,GUILD
1,GUIDE
1,GUIDO
1,GUTSY
1,GUNKY
1,GUSTO
1,GUSTY
1,GUSHY
1,GULES
1,GULAS
1,GULCH
1,GULPS
1,GULFS
1,GUCKS
1,GUPTA
1,GUMBO
1,GUYED
1,GUYOT
1,GHENT
1,GHATS
1,GHAZI
1,GHOST
1,GHOUL
1,GYRES
1,GYRAL
1,GYRON
1,GYROS
1,GYRUS
1,GYVES
1,GYVED
1,GWENT
1,BEARS
1,BEARD
1,BEATS
1,BEANO
1,BEANS
1,BEAST
1,BEACH
1,BEAUT
1,BEAUS
1,BEAUX
1,BEADS
1,BEADY
1,BEAMS
1,BEAMY
1,BEAKS
1,BERIA
1,BERTA
1,BERTH
1,BERCY
1,BERMS
1,BERGS
1,BERYL
1,BERKS
1,BEIRA
1,BEING
1,BETAS
1,BETSY
1,BETHS
1,BENTS
1,BENCH
1,BENDS
1,BENDY
1,BENXI
1,BESOT
1,BESOM
1,BELAU
1,BELAY
1,BELOW
1,BELTS
1,BELCH
1,BELGA
1,BECKS
1,BECKY
1,BEDIM
1,BEMAS
1,BEHAN
1,BEGAT
1,BEGAN
1,BEGIN
1,BEGOT
1,BEGUN
1,BEGUM
1,BEFIT
1,BEFOG
1,BEVAN
1,BEVIN
1,BARES
1,BARED
1,BARIT
1,BARIC
1,BARON
1,BARTH
1,BARNS
1,BARDE
1,BARDS
1,BARMS
1,BARMY
1,BARGE
1,BARFS
1,BARYE
1,BARKS
1,BAIRN
1,BAIRD
1,BAITS
1,BAILS
1,BAIZE
1,BATES
1,BATED
1,BATIK
1,BATON
1,BATCH
1,BATHE
1,BATHS
1,BANES
1,BANTU
1,BANDS
1,BANDY
1,BANGS
1,BANKS
1,BANJO
1,BASER
1,BASEL
1,BASED
1,BASIE
1,BASIN
1,BASIL
1,BASIC
1,BASTE
1,BASHO
1,BALER
1,BALES
1,BALED
1,BALDS
1,BALDY
1,BALMS
1,BALMY
1,BALKS
1,BALKH
1,BALKY
1,BACON
1,BACKS
1,BAUER
1,BAUDS
1,BADEN
1,BADLY
1,BADGE
1,BAHTS
1,BAGEL
1,BAYER
1,BAYES
1,BAYED
1,BAYOU
1,BAYLE
1,BAWLS
1,BAWDS
1,BAWDY
1,BAKER
1,BAKES
1,BAKED
1,BAKST
1,BREAD
1,BREAM
1,BREAK
1,BRENT
1,BREST
1,BREDA
1,BREWS
1,BRAES
1,BRAIN
1,BRAIL
1,BRAID
1,BRATS
1,BRANT
1,BRAND
1,BRASH
1,BRACE
1,BRACT
1,BRACH
1,BRAUN
1,BRADS
1,BRADY
1,BRAHE
1,BRAGI
1,BRAGS
1,BRAYS
1,BRAWN
1,BRAWL
1,BRAKE
1,BRAVE
1,BRAVO
1,BRAXY
1,BRAZE
1,BRIES
1,BRIEF
1,BRIAN
1,BRITS
1,BRINE
1,BRING
1,BRINY
1,BRINK
1,BRISK
1,BRICE
1,BRICK
1,BRIDE
1,BRIMS
1,BRIGS
1,BROAD
1,BROIL
1,BROTH
1,BRONC
1,BRONX
1,BROSE
1,BROCA
1,BROCH
1,BROCK
1,BROWN
1,BROWS
1,BROKE
1,BRUIT
1,BRUIN
1,BRUTE
1,BRUNO
1,BRUNT
1,BRUSA
1,BRUSH
1,BRUCE
1,BRUCH
1,BRUME
1,BRYAN
1,BRYON
1,BRYCE
1,BIERS
1,BIELD
1,BIALY
1,BIRTH
1,BIRLS
1,BIRCH
1,BIRDS
1,BIOTA
1,BIOME
1,BITER
1,BITES
1,BITCH
1,BINES
1,BINAL
1,BINDS
1,BINGE
1,BINGO
1,BISON
1,BILGE
1,BILKS
1,BICEP
1,BIDET
1,BIDEN
1,BIDES
1,BIPED
1,BIPOD
1,BIMAH
1,BIHAR
1,BIGOT
1,BIGHT
1,BIYSK
1,BIKER
1,BIKES
1,BIKED
1,BIKOL
1,BIZET
1,BIJOU
1,BOERS
1,BOART
1,BOARS
1,BOARD
1,BOATS
1,BOAST
1,BORES
1,BORED
1,BORAK
1,BORAX
1,BORIS
1,BORIC
1,BORNE
1,BORNU
1,BORGS
1,BOINK
1,BOISE
1,BOILS
1,BOTEL
1,BOTCH
1,BOTHA
1,BOTHY
1,BONER
1,BONES
1,BONED
1,BONCE
1,BONUS
1,BONDS
1,BONGS
1,BONKS
1,BONZE
1,BOSCH
1,BOSUN
1,BOSKY
1,BOLES
1,BOLAS
1,BOLTS
1,BOLUS
1,BOCHE
1,BOUTS
1,BOUND
1,BOUSE
1,BOULE
1,BOULT
1,BOUGH
1,BODES
1,BODGE
1,BOGEY
1,BOGIE
1,BOGLE
1,BOGUS
1,BOYER
1,BOYAR
1,BOYNE
1,BOYLE
1,BOYLA
1,BOWER
1,BOWEN
1,BOWEL
1,BOWED
1,BOWIE
1,BOWSE
1,BOWLS
1,BOVID
1,BOXER
1,BOXEN
1,BOXES
1,BOXED
1,BOZEN
1,BLEAR
1,BLEAT
1,BLEAK
1,BLEND
1,BLARE
1,BLAIR
1,BLAIN
1,BLATE
1,BLATS
1,BLATZ
1,BLANC
1,BLAND
1,BLANK
1,BLASE
1,BLAST
1,BLACK
1,BLADE
1,BLAME
1,BLAHS
1,BLAGS
1,BLAKE
1,BLAZE
1,BLITZ
1,BLIND
1,BLING
1,BLINK
1,BLIDA
1,BLIPS
1,BLIMP
1,BLIGH
1,BLOAT
1,BLOIS
1,BLOTS
1,BLOND
1,BLOCS
1,BLOCH
1,BLOCK
1,BLOGS
1,BLOWN
1,BLOWS
1,BLOWY
1,BLOKE
1,BLUER
1,BLUET
1,BLUES
1,BLUED
1,BLUEY
1,BLURT
1,BLURS
1,BLUNT
1,BLUSH
1,BUENO
1,BURET
1,BURAN
1,BURIN
1,BURNT
1,BURNS
1,BURSE
1,BURSA
1,BURST
1,BURLS
1,BURLY
1,BURCH
1,BURPS
1,BURMA
1,BURGS
1,BURGH
1,BURKE
1,BURKA
1,BURKS
1,BUILT
1,BUILD
1,BUICK
1,BUOYS
1,BUTEO
1,BUTCH
1,BUTYL
1,BUNAS
1,BUNTS
1,BUNCO
1,BUNCH
1,BUNDT
1,BUNGS
1,BUNKO
1,BUNKS
1,BUSED
1,BUSRA
1,BUSTY
1,BUSCH
1,BUSHY
1,BULGE
1,BULGY
1,BULKS
1,BULKY
1,BUCKO
1,BUCKS
1,BUDGE
1,BUMPS
1,BUMPH
1,BUMPY
1,BUHLS
1,BUGLE
1,BUYER
1,BUXOM
1,BHANG
1,BHAJI
1,BYERS
1,BYRES
1,BYRON
1,BYTES
1,BYTOM
1,BYLAW
1,BJORK
1,FEARS
1,FEATS
1,FEAST
1,FERAL
1,FERIA
1,FERNS
1,FERNY
1,FERMI
1,FEINT
1,FEIGN
1,FETAL
1,FETID
1,FETOR
1,FETCH
1,FETUS
1,FENDS
1,FELID
1,FELIX
1,FELON
1,FELTS
1,FECAL
1,FECIT
1,FEUAR
1,FEUDS
1,FEMUR
1,FARES
1,FARED
1,FAROE
1,FARTS
1,FARSI
1,FARCE
1,FARCI
1,FARCY
1,FARMS
1,FARGO
1,FAIRS
1,FAIRY
1,FAITH
1,FAINT
1,FAILS
1,FATES
1,FATED
1,FATSO
1,FATLY
1,FANTI
1,FANCY
1,FANGO
1,FANGS
1,FALSE
1,FACER
1,FACET
1,FACES
1,FACED
1,FACTS
1,FAURE
1,FAUNS
1,FAUST
1,FAULT
1,FAUGH
1,FAUVE
1,FADER
1,FADES
1,FADGE
1,FAMED
1,FAGIN
1,FAGOT
1,FABRE
1,FABLE
1,FAYER
1,FAYUM
1,FAWNS
1,FAKER
1,FAKES
1,FAKED
1,FAKIR
1,FAVES
1,FAVOR
1,FAVUS
1,FAXES
1,FAXED
1,FAZES
1,FAZED
1,FAQIR
1,FREAK
1,FREON
1,FRETS
1,FRENA
1,FRESH
1,FREUD
1,FREDA
1,FREMD
1,FREYA
1,FRAIL
1,FRATS
1,FRANC
1,FRANK
1,FRANZ
1,FRACK
1,FRAUD
1,FRAPS
1,FRAME
1,FRAGS
1,FRAYS
1,FRIES
1,FRIED
1,FRITO
1,FRITH
1,FRITZ
1,FRISK
1,FRIML
1,FRIGS
1,FRIZE
1,FROTH
1,FRONT
1,FRONS
1,FROND
1,FROST
1,FROSH
1,FROCK
1,FROGS
1,FROWN
1,FROZE
1,FRUIT
1,FRUMP
1,FIERY
1,FIEND
1,FIELD
1,FIATS
1,FIRES
1,FIRED
1,FIRTH
1,FIRST
1,FIRMS
1,FIONA
1,FITLY
1,FITCH
1,FINER
1,FINES
1,FINED
1,FINAL
1,FINCH
1,FINDS
1,FINKS
1,FISHY
1,FILER
1,FILET
1,FILES
1,FILED
1,FILAR
1,FILTH
1,FILCH
1,FILUM
1,FILMS
1,FILMY
1,FICUS
1,FICHE
1,FICHU
1,FIUME
1,FIDES
1,FIDEL
1,FIDGE
1,FIGHT
1,FIBER
1,FIVER
1,FIVES
1,FIXER
1,FIXES
1,FIXED
1,FOEHN
1,FOALS
1,FOAMS
1,FOAMY
1,FORES
1,FORAY
1,FORTE
1,FORTS
1,FORTH
1,FORTY
1,FORCE
1,FORUM
1,FORDS
1,FORME
1,FORMS
1,FORGE
1,FORBY
1,FORKS
1,FOIST
1,FOILS
1,FONTS
1,FONDA
1,FOLEY
1,FOLIE
1,FOLIA
1,FOLIC
1,FOLDS
1,FOLKS
1,FOCAL
1,FOCUS
1,FOURS
1,FOUNT
1,FOUND
1,FOULS
1,FOYER
1,FOWLS
1,FOVEA
1,FOXES
1,FOXED
1,FSLIC
1,FLEAS
1,FLEAM
1,FLESH
1,FLECK
1,FLEWS
1,FLARE
1,FLAIR
1,FLATS
1,FLANS
1,FLANK
1,FLASH
1,FLASK
1,FLACK
1,FLAPS
1,FLAME
1,FLAGS
1,FLAYS
1,FLAWS
1,FLAWY
1,FLAKE
1,FLAKY
1,FLIER
1,FLIES
1,FLIED
1,FLIRT
1,FLITE
1,FLITS
1,FLINT
1,FLING
1,FLICK
1,FLIPS
1,FLOES
1,FLOAT
1,FLORA
1,FLORY
1,FLONG
1,FLOCS
1,FLOCK
1,FLOUR
1,FLOUT
1,FLOPS
1,FLOGS
1,FLOYD
1,FLOWN
1,FLOWS
1,FLUES
1,FLUID
1,FLUOR
1,FLUTE
1,FLUTY
1,FLUNG
1,FLUNK
1,FLUSH
1,FLUME
1,FLUMP
1,FLUBS
1,FLUKE
1,FLUKY
1,FLYTE
1,FUELS
1,FURAN
1,FURLS
1,FURZE
1,FURZY
1,FUTON
1,FUNDS
1,FUNDY
1,FUNGI
1,FUNGO
1,FUNKS
1,FUNKY
1,FUSED
1,FUSIL
1,FUSTY
1,FULAS
1,FUCHS
1,FUCKS
1,FUDGE
1,FUMES
1,FUMED
1,FUGAL
1,FUBSY
1,FJELD
1,FJORD
1,YEARN
1,YEARS
1,YEATS
1,YEANS
1,YEAST
1,YEAHS
1,YEISK
1,YETIS
1,YENTA
1,YELPS
1,YAREN
1,YARNS
1,YARDS
1,YATES
1,YANKS
1,YALES
1,YALOW
1,YACHT
1,YAPON
1,YAPOK
1,YAMEN
1,YAWED
1,YAWNS
1,YAWLS
1,YAWPS
1,YAKUT
1,YAQUI
1,YIELD
1,YIKES
1,YONKS
1,YOLKS
1,YOURS
1,YOUNG
1,YODEL
1,YODLE
1,YOGIS
1,YOGIC
1,YOWLS
1,YOKES
1,YOKEL
1,YOKED
1,YUREV
1,YURTS
1,YULES
1,YULAN
1,YUCKS
1,YUPIK
1,YUMAS
1,YUKON
1,YPRES
1,WEARS
1,WEARY
1,WEANS
1,WEALS
1,WEALD
1,WERSH
1,WEIRS
1,WEIRD
1,WEIGH
1,WETLY
1,WENCH
1,WENDI
1,WENDS
1,WENDY
1,WESAK
1,WELTS
1,WELTY
1,WELSH
1,WELDS
1,WEFTS
1,WEKAS
1,WARES
1,WAREZ
1,WARTS
1,WARTY
1,WARNS
1,WARDS
1,WARPS
1,WARMS
1,WAITE
1,WAITS
1,WAINS
1,WAIST
1,WAILS
1,WAIFS
1,WAIVE
1,WATER
1,WATCH
1,WANES
1,WANED
1,WANTS
1,WANLY
1,WANDS
1,WANKS
1,WASTE
1,WASPY
1,WASHY
1,WALER
1,WALES
1,WALED
1,WALTZ
1,WALSH
1,WALDO
1,WALKS
1,WACKE
1,WACKO
1,WACKS
1,WACKY
1,WAUGH
1,WADER
1,WADES
1,WADIS
1,WADGE
1,WAGER
1,WAGES
1,WAGED
1,WAGON
1,WAFER
1,WAFTS
1,WAYNE
1,WAKEN
1,WAKES
1,WAKED
1,WAVER
1,WAVES
1,WAVED
1,WAXEN
1,WAXES
1,WAXED
1,WREAK
1,WRENS
1,WREST
1,WRECK
1,WRATH
1,WRACK
1,WRAPS
1,WRITE
1,WRITS
1,WRING
1,WRIST
1,WROTE
1,WROTH
1,WRONG
1,WRUNG
1,WIELD
1,WIRES
1,WIRED
1,WITCH
1,WITHE
1,WITHY
1,WINES
1,WINED
1,WINOS
1,WINCE
1,WINCH
1,WINDS
1,WINDY
1,WINGS
1,WINKS
1,WINZE
1,WISER
1,WISED
1,WISLA
1,WISPY
1,WILES
1,WILED
1,WILEY
1,WILTS
1,WILDE
1,WILDA
1,WILDS
1,WILMA
1,WICKS
1,WIDER
1,WIDEN
1,WIDES
1,WIDTH
1,WIPER
1,WIPES
1,WIPED
1,WIMPS
1,WIMPY
1,WIGAN
1,WIGHT
1,WIVES
1,WIVED
1,WIZEN
1,WIZES
1,WOALD
1,WORTH
1,WORSE
1,WORST
1,WORLD
1,WORDS
1,WORDY
1,WORMS
1,WORMY
1,WORKS
1,WOTAN
1,WONKS
1,WONKY
1,WOLDS
1,WOLFE
1,WOLFS
1,WOUND
1,WOULD
1,WODEN
1,WODGE
1,WOMEN
1,WOMAN
1,WOMBS
1,WOKEN
1,WOVEN
1,WURST
1,WUNDT
1,WUSIH
1,WUHAN
1,WHEAT
1,WHEAL
1,WHETS
1,WHENS
1,WHELP
1,WHELM
1,WHELK
1,WHARF
1,WHATS
1,WHALE
1,WHACK
1,WHAPS
1,WHAMS
1,WHIRS
1,WHIRL
1,WHITE
1,WHITS
1,WHITY
1,WHINE
1,WHINS
1,WHINY
1,WHIST
1,WHISK
1,WHILE
1,WHIPT
1,WHIPS
1,WHIMS
1,WHIGS
1,WHORE
1,WHORL
1,WHOSE
1,WHOLE
1,WHOPS
1,WHOMP
1,WHSLE
1,WHUPS
1,WYETH
1,WYLIE
1,KEATS
1,KERCH
1,KEITH
1,KEIJO
1,KEOGH
1,KETCH
1,KENAI
1,KENAF
1,KENDO
1,KENYA
1,KELSO
1,KEDAH
1,KEPIS
1,KEVIN
1,KAREN
1,KARIN
1,KAROL
1,KARTS
1,KARST
1,KARYN
1,KAILS
1,KAONS
1,KATIE
1,KATHY
1,KANSU
1,KANDY
1,KANZU
1,KANJI
1,KASEY
1,KALIS
1,KALIF
1,KAURI
1,KAPUT
1,KAPHS
1,KAMET
1,KABUL
1,KAFIR
1,KAYOS
1,KREMS
1,KREBS
1,KRAIT
1,KRAUT
1,KRAFT
1,KRONE
1,KRONA
1,KIETH
1,KIANG
1,KIROV
1,KIRBY
1,KIOWA
1,KITES
1,KITED
1,KITWE
1,KINES
1,KINAS
1,KINOS
1,KINDA
1,KINDS
1,KINGS
1,KILOS
1,KILTS
1,KILNS
1,KIBES
1,KOANS
1,KOREA
1,KORAN
1,KORMA
1,KOINE
1,KOTAH
1,KONYA
1,KOLAS
1,KOCHI
1,KOPJE
1,KOHLS
1,KNEAD
1,KNELT
1,KNAPS
1,KNAVE
1,KNITS
1,KNISH
1,KNIFE
1,KNOTS
1,KNOUT
1,KNOPF
1,KNOBS
1,KNOWS
1,KNURL
1,KNUTH
1,KLEIN
1,KLANS
1,KLAUS
1,KLINE
1,KLIMT
1,KLONG
1,KLUTZ
1,KLUGE
1,KURIL
1,KUTCH
1,KUSCH
1,KUDOS
1,KUBAN
1,KUFIC
1,KMART
1,KHEDA
1,KHANS
1,KHASI
1,KHIVA
1,KHOUM
1,KHMER
1,KYATS
1,KYLES
1,KYLIX
1,VERTU
1,VERNA
1,VERSA
1,VERSO
1,VERST
1,VERDI
1,VERBS
1,VEINS
1,VEINY
1,VEILS
1,VETCH
1,VENAL
1,VENOM
1,VENTS
1,VENLO
1,VENUS
1,VENDS
1,VESTA
1,VELAR
1,VELUM
1,VELDS
1,VELMA
1,VEDAS
1,VEDIC
1,VEGAN
1,VEGAS
1,VARIX
1,VARUS
1,VATIC
1,VANES
1,VANIR
1,VANCE
1,VASTY
1,VALET
1,VALES
1,VALID
1,VALOR
1,VALSE
1,VALUE
1,VAUNT
1,VAULT
1,VADER
1,VADUZ
1,VAPES
1,VAPED
1,VAPID
1,VAPOR
1,VAMPS
1,VAMPY
1,VAGUE
1,VAGUS
1,VAXES
1,VRIES
1,VIEWS
1,VIEWY
1,VIAND
1,VIALS
1,VIREO
1,VIRAL
1,VIRTU
1,VIRUS
1,VIRGA
1,VIRGO
1,VIOLA
1,VIOLS
1,VITAE
1,VITAL
1,VITUS
1,VINES
1,VINCE
1,VINYL
1,VISED
1,VISOR
1,VISTA
1,VISBY
1,VILER
1,VILNA
1,VILMA
1,VICES
1,VICED
1,VICAR
1,VICHY
1,VICKY
1,VIDEO
1,VIDAR
1,VIDAL
1,VIPER
1,VIMEN
1,VIGOR
1,VIBES
1,VIXEN
1,VOILE
1,VOILA
1,VOICE
1,VOIDS
1,VOTER
1,VOTES
1,VOTED
1,VONDA
1,VOLES
1,VOLAR
1,VOLTA
1,VOLTS
1,VOLGA
1,VOCAL
1,VOCAB
1,VOUCH
1,VOUGE
1,VODKA
1,VOMER
1,VOMIT
1,VOGUE
1,VOGUL
1,VOWER
1,VOWEL
1,VOWED
1,VYING
1,XERIC
1,XENIA
1,XREFS
1,XIANS
1,XINGU
1,XTERM
1,XHOSA
1,XYLEM
1,ZEROS
1,ZEIST
1,ZETAS
1,ZESTY
1,ZELIG
1,ZELDA
1,ZELMA
1,ZEBRA
1,ZEBUS
1,ZARFS
1,ZAIRE
1,ZANTE
1,ZAYIN
1,ZIONS
1,ZINES
1,ZINCS
1,ZINGS
1,ZINGY
1,ZISKA
1,ZILCH
1,ZIBET
1,ZORIL
1,ZORCH
1,ZONES
1,ZONED
1,ZONAL
1,ZOSMA
1,ZOMBA
1,ZLOTY
1,ZUKOR
1,ZWEIG
1,JEANS
1,JERID
1,JERBA
1,JERKS
1,JERKY
1,JEHOL
1,JEWRY
1,JARED
1,JAILS
1,JAIME
1,JATOS
1,JANET
1,JANIE
1,JANIS
1,JANUS
1,JASON
1,JACOB
1,JACKS
1,JACKY
1,JAUNT
1,JADES
1,JAPER
1,JAPES
1,JAPED
1,JAMES
1,JAMEL
1,JAMIE
1,JAMBS
1,JABOT
1,JAYNE
1,JAWED
1,JAKES
1,JINGO
1,JINKS
1,JILTS
1,JIHAD
1,JIBES
1,JIBED
1,JIVER
1,JIVES
1,JIVED
1,JIVEY
1,JOEYS
1,JORUM
1,JORGE
1,JOINT
1,JOINS
1,JOIST
1,JOTUN
1,JONES
1,JONAS
1,JONAH
1,JOSEF
1,JOSIE
1,JOSUE
1,JOLTS
1,JOLTY
1,JOCKS
1,JOUST
1,JOULE
1,JODIE
1,JOHNS
1,JOYED
1,JOYCE
1,JOWLS
1,JOWLY
1,JOKER
1,JOKES
1,JOKED
1,JOKEY
1,JUREL
1,JURAT
1,JURAL
1,JUICE
1,JUICY
1,JUTES
1,JUNES
1,JUNTA
1,JUNCO
1,JUNKS
1,JUNKY
1,JULES
1,JULEP
1,JULIE
1,JULIA
1,JULIO
1,JUDEA
1,JUDAS
1,JUDAH
1,JUDIE
1,JUDGE
1,JUPON
1,JUMNA
1,JUMPS
1,JUMPY
1,JUMBO
1,JUGAL
1,JUBAL
1,QIBLA
1,QOPHS
1,QUEAN
1,QUERN
1,QUERY
1,QUEST
1,QUARK
1,QUAIL
1,QUANT
1,QUASI
1,QUASH
1,QUALE
1,QUALM
1,QUACK
1,QUADS
1,QUAYS
1,QUAKE
1,QUAKY
1,QURAN
1,QUIET
1,QUIRE
1,QUIRT
1,QUIRK
1,QUITE
1,QUITO
1,QUITS
1,QUINE
1,QUINT
1,QUINS
1,QUILT
1,QUICK
1,QUIDS
1,QUIPS
1,QUOIT
1,QUOIN
1,QUOTE
1,QUOTA
1,QUOTH
1,CACAO
1,BUBBY
1,BUGGY
1,EARLE
1,EARED
1,EATER
1,EATEN
1,EASTS
1,EASEL
1,EASED
1,EASES
1,EAGRE
1,EAGLE
1,EAGER
1,EAVES
1,ERASE
1,EROSE
1,ERODE
1,ERNIE
1,ERNES
1,ERECT
1,ERROL
1,ERRED
1,EIDER
1,ETUDE
1,ETHER
1,ETHEL
1,ETZEL
1,ENATE
1,ENROL
1,ENRON
1,ENTER
1,ENSUE
1,ENLIL
1,ENURE
1,ENUGU
1,ENDUE
1,ENDED
1,ENGIN
1,ENEMA
1,ENEMY
1,ENNIS
1,ENNUI
1,ESTER
1,ESTES
1,ESPOO
1,ESKER
1,ESSAY
1,ESSIE
1,ESSEN
1,ESSEX
1,ELATE
1,ELITE
1,ELISE
1,ELIDE
1,ELSIE
1,ELUTE
1,ELUDE
1,ELULS
1,ELDER
1,ELMER
1,ELVER
1,ELVES
1,ELENA
1,ELECT
1,ELEMI
1,ELEGY
1,ELLIS
1,ELLIE
1,ELLYN
1,ELLEN
1,EURUS
1,EULER
1,EDSEL
1,EDUCE
1,EDGER
1,EDGES
1,EDGED
1,EDENS
1,EDEMA
1,EDDIE
1,EPIPH
1,EPODE
1,EPHAH
1,EMILE
1,EMOTE
1,EMDEN
1,EMBER
1,EMBED
1,EMERY
1,EMEND
1,EMMER
1,EMMET
1,EMMEN
1,EGRET
1,EGEST
1,EGGER
1,EGGED
1,EBERT
1,EBBED
1,EFREN
1,EFFIE
1,EFFED
1,EYRIR
1,EWERS
1,EVADE
1,EVITE
1,EVOKE
1,EVERT
1,EVERY
1,EVENT
1,EVENS
1,EXINE
1,EXILE
1,EXCEL
1,EXUDE
1,EXPEL
1,EXEAT
1,EXERT
1,EXECS
1,EJECT
1,AERIE
1,AETNA
1,AECIA
1,AEDES
1,ARETE
1,ARENA
1,ARECA
1,AREAS
1,AREAL
1,ARICA
1,ARIAN
1,ARIAS
1,AROMA
1,ARSES
1,ARSIS
1,ARUBA
1,ARDOR
1,ARMOR
1,ARHAT
1,ARGAL
1,ARBOR
1,ARYAN
1,ARABS
1,ARABY
1,ARAWN
1,ARAKS
1,ARRIS
1,ARRON
1,ARROW
1,ARRAN
1,ARRAS
1,ARRAY
1,AIOLI
1,AISHA
1,AIDED
1,AIMEE
1,AORTA
1,ATRIA
1,ATILT
1,ATOLL
1,ATLAS
1,ATMAN
1,ATARI
1,ATTIS
1,ATTIC
1,ATTAR
1,ANELE
1,ANEAR
1,ANENT
1,ANION
1,ANITA
1,ANIMA
1,ANOAS
1,ANONS
1,ANTON
1,ANSIS
1,ANCON
1,ANZAC
1,ANNEX
1,ANNIE
1,ANNOY
1,ANNUL
1,ANNAS
1,ANNAL
1,ANNAM
1,ASIAN
1,ASOKA
1,ASCII
1,ASCUS
1,ASPCA
1,ASHES
1,ASWAN
1,ASKJA
1,ASSET
1,ASSOC
1,ASSUR
1,ASSYR
1,ASSAI
1,ASSAD
1,ASSAM
1,ASSAY
1,ALISA
1,ALIBI
1,ALIAS
1,ALOHA
1,ALOOF
1,ALTAR
1,ALTAI
1,ALCOA
1,ALULA
1,ALDOL
1,ALDAN
1,ALPHA
1,ALGOL
1,ALGAE
1,ALGAL
1,ALBEE
1,ALBAN
1,ALKYL
1,ALVAH
1,ALARM
1,ALARY
1,ALATE
1,ALACK
1,ALAMO
1,ALLEN
1,ALLEY
1,ALLEE
1,ALLIE
1,ALLOT
1,ALLOY
1,ALLOW
1,ALLYN
1,ALLAN
1,ALLAH
1,ALLAY
1,ACINI
1,ACUFF
1,ACHOO
1,ACARI
1,ACCEL
1,ACCRA
1,ACCAD
1,AURAS
1,AURAL
1,AURAR
1,AURUM
1,AUNTY
1,AUDRA
1,AUGUR
1,ADELE
1,ADELA
1,ADOWA
1,ADUWA
1,ADMAN
1,ADARS
1,ADAPT
1,ADAMS
1,ADAGE

0,FOUTH

0,COYLY

0,YOUTH

0,APART

0,TUART

0,QUART

0,CRAMP

0,BLUDY

0,BLUFF

0,STOOD

0,STOPT

0,STOMP

0,MOTTO

0,LINCH

0,CINCH

0,ELOPE

0,TRUST

0,TRYST

0,TRITE

0,ROOPY

0,ROOMY





0,WHOOP
0,GULLY
0,RUDER
0,NEEDY
0,TREAT
0,KIAKI
0,KHAKI
0,LABEL
0,CATTY
0,PATTY
0,UNWIT
