S.NO, word
0,BERTH
0,STEAD
0,VOICE
0,AGAPE
0,FLUFF
0,FIELD
0,SEVER
0,LILAC
0,EGRET
0,PINTO
0,HUTCH
0,GAWKY
0,DROLL
0,RETRO
0,RUSTY
0,BEADY
0,SMITE
0,BRINK
0,AWFUL
0,GLOAT
0,INPUT
0,LOSER
0,CACAO
0,BLOWN
0,APRON
0,PRIMO
0,ATONE
0,DONOR
0,FLOAT
0,GOOSE
0,PIETY
0,GIRTH
0,TRAIT
0,FLOOD
0,GLOOM
0,DEPTH
0,FROTH
0,PHASE
0,SHOWY
0,CREAK
0,MANOR
0,ATOLL
0,BAYOU
0,CREPT
0,TIARA
0,ASSET
0,VOUCH
0,ALBUM
0,HINGE
0,MONEY
0,SCRAP
0,GAMER
0,GLASS
0,SCOUR
0,BEING
0,DELVE
0,YIELD
0,METAL
0,TIPSY
0,SLUNG
0,FARCE
0,GECKO
0,SHINE
0,CANNY
0,MIDST
0,BADGE
0,HOMER
0,TRAIN
0,STORY
0,HAIRY
0,FORGO
0,LARVA
0,TRASH
0,ZESTY
0,SHOWN
0,HEIST
0,ASKEW
0,INERT
0,OLIVE
0,PLANT
0,OXIDE
0,CARGO
0,FOYER
0,FLAIR
0,AMPLE
0,CHEEK
0,SHAME
0,MINCE
0,CHUNK
0,ROYAL
0,SQUAD
0,BLACK
0,STAIR
0,SCARE
0,FORAY
0,COMMA
0,NATAL
0,SHAWL
0,FEWER
0,TROPE
0,SNOUT
0,LOWLY
0,STOVE
0,SHALL
0,FOUND
0,NYMPH
0,EPOXY
0,DEPOT
0,CHEST
0,PURGE
0,SLOSH
0,THEIR
0,RENEW
0,ALLOW
0,SAUTE
0,MOVIE
0,CATER
0,TEASE
0,SMELT
0,FOCUS
0,TODAY
0,WATCH
0,LAPSE
0,MONTH
0,SWEET
0,HOARD
0,CLOTH
0,BRINE
0,AHEAD
0,MOURN
0,NASTY
0,RUPEE
0,CHOKE
0,CHANT
0,SPILL
0,VIVID
0,BLOKE
0,TROVE
0,THORN
0,OTHER
0,TACIT
0,SWILL
0,DODGE
0,SHAKE
0,CAULK
0,AROMA
0,CYNIC
0,ROBIN
0,ULTRA
0,ULCER
0,PAUSE
0,HUMOR
0,FRAME
0,ELDER
0,SKILL
0,ALOFT
0,PLEAT
0,SHARD
0,MOIST
0,THOSE
0,LIGHT
0,WRUNG
0,COULD
0,PERKY
0,MOUNT
0,WHACK
0,SUGAR
0,KNOLL
0,CRIMP
0,WINCE
0,PRICK
0,ROBOT
0,POINT
0,PROXY
0,SHIRE
0,SOLAR
0,PANIC
0,TANGY
0,ABBEY
0,FAVOR
0,DRINK
0,QUERY
0,GORGE
0,CRANK
0,SLUMP
0,BANAL
0,TIGER
0,SIEGE
0,TRUSS
0,BOOST
0,REBUS
0,UNIFY
0,TROLL
0,TAPIR
0,ASIDE
0,FERRY
0,ACUTE
0,PICKY
0,WEARY
0,GRIPE
0,CRAZE
0,PLUCK
0,BRAKE
0,BATON
0,CHAMP
0,PEACH
0,USING
0,TRACE
0,VITAL
0,SONIC
0,MASSE
0,CONIC
0,VIRAL
0,RHINO
0,BREAK
0,TRIAD
0,EPOCH
0,USHER
0,EXULT
0,GRIME
0,CHEAT
0,SOLVE
0,BRING
0,PROVE
0,STORE
0,TILDE
0,CLOCK
0,WROTE
0,RETCH
0,PERCH
0,ROUGE
0,RADIO
0,SURER
0,FINER
0,VODKA
0,HERON
0,CHILL
0,GAUDY
0,PITHY
0,SMART
0,BADLY
0,ROGUE
0,GROUP
0,FIXER
0,GROIN
0,DUCHY
0,COAST
0,BLURT
0,PULPY
0,ALTAR
0,GREAT
0,BRIAR
0,CLICK
0,GOUGE
0,WORLD
0,ERODE
0,BOOZY
0,DOZEN
0,FLING
0,GROWL
0,ABYSS
0,STEED
0,ENEMA
0,JAUNT
0,COMET
0,TWEED
0,PILOT
0,DUTCH
0,BELCH
0,OUGHT
0,DOWRY
0,THUMB
0,HYPER
0,HATCH
0,ALONE
0,MOTOR
0,ABACK
0,GUILD
0,KEBAB
0,SPEND
0,FJORD
0,ESSAY
0,SPRAY
0,SPICY
0,AGATE
0,SALAD
0,BASIC
0,MOULT
0,CORNY
0,FORGE
0,CIVIC
0,ISLET
0,LABOR
0,GAMMA
0,LYING
0,AUDIT
0,ROUND
0,LOOPY
0,LUSTY
0,GOLEM
0,GONER
0,GREET
0,START
0,LAPEL
0,BIOME
0,PARRY
0,SHRUB
0,FRONT
0,WOOER
0,TOTEM
0,FLICK
0,DELTA
0,BLEED
0,ARGUE
0,SWIRL
0,ERROR
0,AGREE
0,OFFAL
0,FLUME
0,CRASS
0,PANEL
0,STOUT
0,BRIBE
0,DRAIN
0,YEARN
0,PRINT
0,SEEDY
0,IVORY
0,BELLY
0,STAND
0,FIRST
0,FORTH
0,BOOBY
0,FLESH
0,UNMET
0,LINEN
0,MAXIM
0,POUND
0,MIMIC
0,SPIKE
0,CLUCK
0,CRATE
0,DIGIT
0,REPAY
0,SOWER
0,CRAZY
0,ADOBE
0,OUTDO
0,TRAWL
0,WHELP
0,UNFED
0,PAPER
0,STAFF
0,CROAK
0,HELIX
0,FLOSS
0,PRIDE
0,BATTY
0,REACT
0,MARRY
0,ABASE
0,COLON
0,STOOL
0,CRUST
0,FRESH
0,DEATH
0,MAJOR
0,FEIGN
0,ABATE
0,BENCH
0,QUIET
0,GRADE
0,STINK
0,KARMA
0,MODEL
0,DWARF
0,HEATH
0,SERVE
0,NAVAL
0,EVADE
0,FOCAL
0,BLUSH
0,AWAKE
0,HUMPH
0,SISSY
0,REBUT
0,CIGAR

0,UNFIT

0,SMEAR

0,ALIEN

0,BUGGY

0,COYLY

0,YOUTH

0,QUART

0,CRAMP

0,BLUFF

0,UPSET

0,STOMP

0,MOTTO

0,FINCH

0,CINCH

0,ELOPE

0,POWER

0,MIDGE

0,TRYST

0,APHID

0,TRITE

0,ANGRY

0,FLOCK

0,WACKY

0,ROOMY

0,LIVER

0,WEDGE

0,BLAND

0,MADAM

0,NIGHT

0,MERIT

0,WHOOP

0,INTER

0,GULLY

0,CHARM

0,FUNGI

0,ONSET

0,CHIEF
0,RUDER
0,GAUZE
0,CLOWN
0,NEEDY
0,WOVEN
0,WASTE
0,TREAT
0,SHRUG
0,TWANG
0,TWICE
0,GRUEL
0,POKER
0,KHAKI
0,HUNKY
0,LABEL
0,GLEAN
0,CLING
0,PATTY
